Id,6219096c086b06f97671bb3f,6219096c086b06f97671bb2f,6219096c086b06f97671bb2d,6219096c086b06f97671bb2b,6219096c086b06f97671bb29,6219096c086b06f97671bb27,6219096c086b06f97671bb25,6219096c086b06f97671bb23,6219096c086b06f97671bb3d,6219096c086b06f97671bb21,6219096c086b06f97671bb1f,6219096c086b06f97671bb1d,6219096c086b06f97671bb1b,6219096c086b06f97671bb3b,6219096c086b06f97671bb17,6219096c086b06f97671bb19,6219096c086b06f97671bb15,6219096c086b06f97671bb13,6219096c086b06f97671bb11,6219096c086b06f97671bb39,6219096c086b06f97671bb0f,6219096c086b06f97671bb0d,6219096c086b06f97671bb0b,6219096c086b06f97671bb09,6219096c086b06f97671bb07,6219096c086b06f97671bb05,6219096c086b06f97671bb03,6219096c086b06f97671bb37,6219096c086b06f97671bb01,6219096c086b06f97671baff,6219096c086b06f97671bafd,6219096c086b06f97671bafb,6219096c086b06f97671baf9,6219096c086b06f97671baf7,6219096c086b06f97671baf5,6219096c086b06f97671bb35,6219096c086b06f97671bb33,6219096c086b06f97671bb31,6219096c086b06f97671baf3,6219096c086b06f97671baf1,6219096c086b06f97671baef,6219096c086b06f97671baed,6219096c086b06f97671baeb,6219096c086b06f97671bae9,6219096c086b06f97671bae7,6219096c086b06f97671bae5,6219096c086b06f97671bae3,6219096c086b06f97671bae1,6219096c086b06f97671badf,6219096c086b06f97671bad9,6219096c086b06f97671badd,6219096c086b06f97671badb
c_uncanny,"[[""Relevant challenges for Idea 2"",""Idea 2""]]","[[""Challenges""]]","[[""Idea 2"",""Relevant challenges for Idea 2""]]","[[""Challenges""]]","[[""Discarded challenges for Idea 1"",""Idea 1""]]","[[""Idea 1"",""Discarded challenges for Idea 1""]]","[[""Challenges""]]","[[""Relevant challenges for Idea 1"",""Idea 1""]]","[[""Idea 2"",""Discarded challenges for Idea 2""]]","[[""Idea 2"",""Discarded challenges for Idea 2""],[""Challenges""],[""Discarded challenges for Idea 1"",""Idea 1""]]","[[""Challenges""],[""Discarded challenges for Idea 1""]]","[[""Challenges""]]","[[""Idea 2"",""Discarded challenges for Idea 2""]]","[[""Discarded challenges for Idea 1"",""Idea 1""]]","[[""Relevant challenges"",""Idea 1""]]","[[""Discarded challenges for Idea 1"",""Idea 1""]]","[[""Discarded challenges for Idea 1"",""Idea 1""]]","[[""Discarded challenges for Idea 1"",""Idea 1""]]","[[""Idea 1"",""Discarded challenges for Idea 1""],[""Idea 2"",""Relevant challenges for Idea 2""]]","[[""Discarded challenges for Idea 1"",""Idea 1""]]","[[""Discarded challenges for Idea 2"",""Idea 2""]]","[[""Idea 2"",""Discarded challenges for Idea 2""]]","[[""Discarded challenges for Idea 2"",""Idea 2""]]","[[""Idea 1""]]","[[""Discarded challenges for Idea 1"",""Idea 1""]]","[[""Challenges""]]","[[""Challenges""]]","[[""Challenges""]]","[[""Challenges""]]","[[""Discarded challenges for Idea 1"",""Idea 1""]]","[[""Challenges""]]","[[""Discarded challenges for Idea 1"",""Idea 1""]]","[[""Discarded challenges for Idea 1"",""Idea 1""]]","[[""Discarded challenges for Idea 2"",""Idea 2""]]","[[""Idea 2"",""Discarded challenges for Idea 2""]]","[[""Discarded challenges for Idea 1"",""Idea 1""]]","[[""Idea 1"",""Discarded challenges for Idea 1""]]","[[""Challenges""]]","[[""Challenges""]]","[[""Discarded challenges for Idea 1"",""Idea 1""]]","[[""Challenges""]]","[[""Discarded challenges for Idea 1"",""Idea 1""]]","[[""Discarded challenges for Idea 2"",""Idea 2""]]","[[""Challenges""],[""Idea 1""],[""Challenges""],[""Idea 1"",""Discarded challenges for Idea 1""]]","[[""Relevant opportunities for Idea 2"",""Idea 2""]]","[[""Challenges""]]","[[""Challenges""]]","[[""Relevant challenges for Idea 1"",""Idea 1""]]","[[""Relevant challenges for Idea 1"",""Idea 1""]]","[[""Challenges""],[""Idea 1""]]","[[""Challenges""]]","[[""Challenges""]]"
c_cybersickness,"[[""Discarded challenges for Idea 2"",""Idea 2""]]","[[""Relevant challenges for Idea 1"",""Idea 1""]]","[[""Idea 2"",""Relevant challenges for Idea 2""]]","[[""Relevant challenges for Idea 1"",""Idea 1""]]","[[""Relevant challenges for Idea 1"",""Idea 1""]]","[[""Idea 2"",""Relevant challenges for Idea 2""]]","[[""Challenges""]]","[[""Relevant challenges for Idea 1"",""Idea 1""]]","[[""Idea 2"",""Relevant challenges for Idea 2""]]","[[""Idea 2"",""Relevant challenges for Idea 2""],[""Challenges""],[""Relevant challenges for Idea 1"",""Idea 1""]]","[[""Challenges""],[""Relevant challenges for Idea 1""]]","[[""Relevant challenges for Idea 2""]]","[[""Idea 2"",""Relevant challenges for Idea 2""]]","[[""Relevant challenges for Idea 1"",""Idea 1""]]","[[""Relevant challenges"",""Idea 1""]]","[[""Relevant challenges for Idea 1"",""Idea 1""]]","[[""Relevant challenges for Idea 1"",""Idea 1""]]","[[""Relevant challenges for Idea 1"",""Idea 1""]]","[[""Idea 1"",""Relevant challenges for Idea 1""],[""Idea 1"",""Relevant challenges for Idea 1""]]","[[""Relevant challenges for Idea 1"",""Idea 1""]]","[[""Relevant challenges for Idea 2"",""Idea 2""]]","[[""Idea 2"",""Relevant challenges for Idea 2""]]","[[""Idea 2"",""Relevant challenges for Idea 2""]]","[[""Idea 1""]]","[[""Idea 1"",""Relevant challenges for Idea 1""]]","[[""Challenges""]]","[[""Challenges""]]","[[""Challenges""],[""Idea 2"",""Relevant challenges for Idea 2""]]","[[""Relevant challenges for Idea 1"",""Idea 1""]]","[[""Relevant challenges for Idea 1"",""Idea 1""]]","[[""Challenges""]]","[[""Discarded challenges for Idea 1"",""Idea 1""]]","[[""Relevant challenges for Idea 1"",""Idea 1""]]","[[""Discarded challenges for Idea 2"",""Idea 2""]]","[[""Idea 2"",""Relevant challenges for Idea 2""]]","[[""Relevant challenges for Idea 1"",""Idea 1""]]","[[""Relevant challenges for Idea 1"",""Idea 1""]]","[[""Challenges""]]","[[""Challenges""],[""Idea 1""]]","[[""Relevant challenges for Idea 1"",""Idea 1""]]","[[""Relevant challenges for Idea 1"",""Idea 1""]]","[[""Relevant challenges for Idea 1"",""Idea 1""]]","[[""Relevant challenges for Idea 2"",""Idea 2""]]","[[""Challenges""],[""Idea 1""],[""Challenges""],[""Idea 1"",""Relevant challenges for Idea 1""]]","[[""Relevant challenges for Idea 1"",""Idea 1""]]","[[""Questions""]]","[[""Challenges""]]","[[""Idea 2"",""Relevant challenges for Idea 2""]]","[[""Challenges""]]","[[""Challenges""],[""Idea 1""]]","[[""Relevant challenges for Idea 1"",""Idea 1""]]","[[""Challenges""]]"
q_presence,"[[""Discarded questions for Idea 2"",""Idea 2""]]","[[""Questions""]]","[[""Idea 2"",""Relevant questions for Idea 2""]]","[[""Relevant questions for Idea 1"",""Idea 1""]]","[[""Questions""]]","[[""Idea 1"",""Discarded questions for Idea 1""]]","[[""Questions""]]","[[""Questions""]]","[[""Idea 2"",""Relevant questions for Idea 2""]]","[[""Questions""]]","[[""Questions""],[""Relevant questions for Idea 1""]]","[[""Questions""]]","[[""Idea 2"",""Relevant questions for Idea 2""]]","[[""Discarded questions for Idea 1"",""Idea 1""]]","[[""Questions""]]","[[""Discarded questions for Idea 1"",""Idea 1""]]","[[""Idea 1"",""Relevant questions for Idea 1""]]","[[""Questions""]]","[[""Idea 1"",""Discarded questions for Idea 1""],[""Questions""]]","[[""Relevant questions for Idea 1"",""Idea 1""]]","[[""Relevant questions for Idea 2"",""Idea 2""]]","[[""Idea 2"",""Relevant questions for Idea 2""]]","[[""Idea 2"",""Relevant questions for Idea 2""]]","[[""Idea 1""]]","[[""Discarded questions for Idea 1"",""Idea 1""]]","[[""Questions""]]","[[""Relevant questions for Idea 1"",""-""]]","[[""Questions""]]","[[""Questions""]]","[[""Questions""]]","[[""Questions""]]","[[""Relevant questions for Idea 1"",""Idea 1""]]","[[""Questions""]]","[[""Relevant questions for Idea 2"",""Idea 2""]]","[[""Questions""]]","[[""Relevant questions for Idea 1"",""Idea 1""]]","[[""Relevant questions for Idea 1"",""Idea 1""]]","[[""Questions""]]","[[""Idea 1""]]","[[""Idea 1""]]","[[""Questions""]]","[[""Questions""]]","[[""Relevant questions for Idea 2"",""Idea 2""]]","[[""Questions""],[""Questions""],[""Idea 1""],[""Idea 1"",""Relevant questions for Idea 1""]]","[[""Questions""]]","[[""Player 2 Opportunities""]]","[[""Questions""]]","[[""Questions""]]","[[""Questions""]]","[[""Questions""]]","[[""Questions""]]","[[""Questions""]]"
q_camera_viewpoint,"[[""Idea 2"",""Relevant questions for Idea 2""]]","[[""Questions""]]","[[""Discarded questions for Idea 2"",""Idea 2""]]","[[""Questions""]]","[[""Relevant questions for Idea 1"",""Idea 1""]]","[[""Idea 1"",""Relevant questions for Idea 1""],[""Questions""]]","[[""Questions""]]","[[""Relevant questions for Idea 1"",""Idea 1""]]","[[""Idea 2"",""Relevant questions for Idea 2""]]","[[""Relevant questions for Idea 1"",""Idea 1""]]","[[""Questions""],[""Discarded questions for Idea 1""]]","[[""Questions""]]","[[""Idea 2"",""Relevant questions for Idea 2""]]","[[""Relevant questions for Idea 1"",""Idea 1""]]","[[""Questions""],[""Relevant questions"",""Idea 1""]]","[[""Relevant questions for Idea 1"",""Idea 1""]]","[[""Player 2 Opportunities""]]","[[""Questions""]]","[[""Questions""],[""Questions""]]","[[""Relevant questions for Idea 1"",""Idea 1""]]","[[""Relevant questions for Idea 2"",""Idea 2""]]","[[""Idea 2"",""Relevant questions for Idea 2""]]","[[""Idea 2"",""Relevant questions for Idea 2""]]","[[""Idea 1""]]","[[""Idea 1"",""Relevant questions for Idea 1""]]","[[""Questions""]]","[[""Relevant questions for Idea 1"",""-""]]","[[""Questions""]]","[[""Questions""]]","[[""Relevant questions for Idea 1"",""Idea 1""]]","[[""Questions""]]","[[""Relevant questions for Idea 1"",""Idea 1""]]","[[""Relevant questions for Idea 1"",""Idea 1""]]","[[""Relevant questions for Idea 2"",""Idea 2""]]","[[""Questions""]]","[[""Questions""]]","[[""Relevant questions for Idea 1"",""Idea 1""]]","[[""Questions""]]","[[""Questions""]]","[[""Relevant questions for Idea 1"",""Idea 1""]]","[[""Questions""]]","[[""Questions""]]","[[""Questions""]]","[[""Questions""],[""Idea 1"",""Discarded questions for Idea 1""],[""Discarded questions for Idea 1"",""Idea 1""]]","[[""Questions""]]","[[""Relevant questions for Idea 1"",""Idea 1""]]","[[""Questions""]]","[[""Questions""]]","[[""Questions""]]","[[""Questions""]]","[[""Questions""]]","[[""Questions""]]"
q_attention,"[[""Idea 2"",""Relevant questions for Idea 2""]]","[[""Relevant questions for Idea 1"",""Idea 1""]]","[[""Idea 2"",""Relevant questions for Idea 2""]]","[[""Relevant questions for Idea 1"",""Idea 1""]]","[[""Questions""]]","[[""Idea 1"",""Discarded questions for Idea 1""]]","[[""Questions""]]","[[""Questions""]]","[[""Idea 2"",""Relevant questions for Idea 2""]]","[[""Questions""]]","[[""Questions""],[""Relevant questions for Idea 1""]]","[[""Questions""]]","[[""Idea 2"",""Discarded questions for Idea 2""]]","[[""Relevant questions for Idea 1"",""Idea 1""]]","[[""Questions""]]","[[""Discarded questions for Idea 1"",""Idea 1""]]","[[""Idea 1"",""Relevant questions for Idea 1""]]","[[""Questions""]]","[[""Idea 2"",""Relevant questions for Idea 2""],[""Idea 2"",""Relevant questions for Idea 2""]]","[[""Idea 1""]]","[[""Relevant questions for Idea 2"",""Idea 2""]]","[[""Idea 2"",""Relevant questions for Idea 2""]]","[[""Idea 2"",""Relevant questions for Idea 2""]]","[[""Idea 1""]]","[[""Discarded questions for Idea 1"",""Idea 1""]]","[[""Questions""]]","[[""Relevant questions for Idea 1"",""-""]]","[[""Questions""],[""Idea 2"",""Relevant questions for Idea 2""]]","[[""Questions""]]","[[""Questions""]]","[[""Questions""]]","[[""Questions""]]","[[""Questions""]]","[[""Discarded questions for Idea 2"",""Idea 2""]]","[[""Questions""]]","[[""Discarded questions for Idea 1"",""Idea 1""]]","[[""Relevant questions for Idea 1"",""Idea 1""]]","[[""Questions""]]","[[""Questions""],[""Idea 1""]]","[[""Relevant questions for Idea 1"",""Idea 1""]]","[[""Questions""]]","[[""Questions""]]","[[""Relevant questions for Idea 2"",""Idea 2""]]","[[""Questions""],[""Questions""],[""Idea 1""],[""Idea 1"",""Relevant questions for Idea 1""]]","[[""Questions""]]","[[""Questions""]]","[[""Questions""]]","[[""Questions""]]","[[""Questions""]]","[[""Questions""]]","[[""Questions""]]","[[""Questions""]]"
q_force_feedback,"[[""Discarded questions for Idea 2"",""Idea 2""]]","[[""Idea 1"",""Discarded questions for Idea 1""]]","[[""Idea 2"",""Relevant questions for Idea 2""]]","[[""Questions""]]","[[""Relevant questions for Idea 1"",""Idea 1""]]","[[""Idea 1"",""Relevant questions for Idea 1""]]","[[""Questions""]]","[[""Relevant questions for Idea 1"",""Idea 1""]]","[[""Idea 2"",""Discarded questions for Idea 2""]]","[[""Questions""]]","[[""Questions""],[""Discarded questions for Idea 1""]]","[[""Questions""]]","[[""Idea 2"",""Discarded questions for Idea 2""]]","[[""Relevant questions for Idea 1"",""Idea 1""]]","[[""Relevant questions"",""Idea 1""]]","[[""Discarded questions for Idea 1"",""Idea 1""]]","[[""Idea 1"",""Relevant questions for Idea 1""]]","[[""Discarded questions for Idea 1"",""Idea 1""]]","[[""Discarded opportunities  for Idea 1"",""Idea 1""],[""Idea 1"",""Relevant questions for Idea 1""]]","[[""Discarded questions for Idea 1"",""Idea 1""]]","[[""Discarded questions for Idea 2"",""Idea 2""]]","[[""Idea 2"",""Discarded questions for Idea 2""]]","[[""Idea 2"",""Relevant questions for Idea 2""]]","[[""Idea 1""]]","[[""Idea 1"",""Relevant questions for Idea 1""]]","[[""Questions""]]","[[""Discarded questions for Idea 1"",""-""]]","[[""Idea 2"",""Relevant questions for Idea 2""]]","[[""Questions""]]","[[""Relevant questions for Idea 1"",""Idea 1""]]","[[""Questions""]]","[[""Questions""]]","[[""Questions""]]","[[""Discarded questions for Idea 2"",""Idea 2""]]","[[""Discarded questions for Idea 2"",""Idea 2""]]","[[""Questions""]]","[[""Idea 1"",""Discarded questions for Idea 1""]]","[[""Questions""]]","[[""Questions""]]","[[""Relevant questions for Idea 1"",""Idea 1""]]","[[""Questions""]]","[[""Questions""]]","[[""Questions""],[""Relevant questions for Idea 1"",""Idea 1""]]","[[""Questions""],[""Questions""]]","[[""Questions""]]","[[""Questions""]]","[[""Questions""]]","[[""Questions""]]","[[""Relevant questions for Idea 1"",""Idea 1""]]","[[""Questions""],[""Idea 1"",""Relevant questions for Idea 1""]]","[[""Questions""]]","[[""Idea 1"",""Relevant questions for Idea 1""]]"
q_mixed_reality_boundaries,"[[""Idea 2"",""Relevant questions for Idea 2""]]","[[""Relevant questions for Idea 1"",""Idea 1""]]","[[""Idea 2"",""Relevant questions for Idea 2""]]","[[""Relevant questions for Idea 1"",""Idea 1""]]","[[""Questions""]]","[[""Questions""]]","[[""Questions""]]","[[""Questions""]]","[[""Discarded opportunities  for Idea 2"",""Idea 2""]]","[[""Questions""]]","[[""Questions""],[""Discarded questions for Idea 1""]]","[[""Questions""]]","[[""Idea 2"",""Discarded questions for Idea 2""]]","[[""Discarded questions for Idea 1"",""Idea 1""]]","[[""Questions""]]","[[""Relevant questions for Idea 1"",""Idea 1""]]","[[""Discarded questions for Idea 1"",""Idea 1""]]","[[""Questions""]]","[[""Questions""],[""Questions""]]","[[""Discarded questions for Idea 1"",""Idea 1""]]","[[""Discarded questions for Idea 2"",""Idea 2""]]","[[""Idea 2"",""Discarded questions for Idea 2""]]","[[""Idea 2"",""Relevant questions for Idea 2""]]","[[""Questions""]]","[[""Discarded questions for Idea 1"",""Idea 1""]]","[[""Questions""]]","[[""Relevant questions for Idea 1"",""-""]]","[[""Questions""]]","[[""Questions""]]","[[""Questions""]]","[[""Questions""]]","[[""Relevant questions for Idea 1"",""Idea 1""]]","[[""Questions""]]","[[""Discarded questions for Idea 2"",""Idea 2""]]","[[""Idea 2"",""Relevant questions for Idea 2""]]","[[""Relevant questions for Idea 2"",""Idea 2""]]","[[""Idea 1"",""Discarded questions for Idea 1""]]","[[""Questions""]]","[[""Questions""]]","[[""Relevant questions for Idea 1"",""Idea 1""]]","[[""Questions""]]","[[""Questions""]]","[[""Relevant questions for Idea 2"",""Idea 2""],[""Relevant questions for Idea 1"",""Idea 1""]]","[[""Questions""],[""Questions""],[""Idea 1""],[""Idea 1"",""Relevant questions for Idea 1""]]","[[""Questions""]]","[[""Questions""]]","[[""Questions""]]","[[""Questions""]]","[[""Questions""]]","[[""Questions""]]","[[""Questions""]]","[[""Questions""]]"
q_stereoscopic,"[[""Idea 2"",""Relevant questions for Idea 2""]]","[[""Relevant questions for Idea 1"",""Idea 1""]]","[[""Discarded questions for Idea 2"",""Idea 2""]]","[[""Discarded questions for Idea 1"",""Idea 1""]]","[[""Questions""]]","[[""Idea 1"",""Relevant questions for Idea 1""],[""Questions""]]","[[""Questions""]]","[[""Discarded questions for Idea 1"",""Idea 1""]]","[[""Idea 2"",""Relevant questions for Idea 2""]]","[[""Discarded questions for Idea 1"",""Idea 1""]]","[[""Questions""]]","[[""Relevant questions for Idea 2""]]","[[""Idea 2"",""Relevant questions for Idea 2""]]","[[""Discarded questions for Idea 1"",""Idea 1""]]","[[""Questions""],[""Relevant questions"",""Idea 1""]]","[[""Discarded questions for Idea 1"",""Idea 1""]]","[[""Idea 1"",""Relevant questions for Idea 1""]]","[[""Questions""]]","[[""Idea 2"",""Discarded questions for Idea 2""],[""Idea 2"",""Discarded questions for Idea 2""]]","[[""Relevant questions for Idea 1"",""Idea 1""]]","[[""Relevant questions for Idea 2"",""Idea 2""]]","[[""Idea 2"",""Relevant questions for Idea 2""]]","[[""Idea 2"",""Relevant questions for Idea 2""]]","[[""Idea 1""]]","[[""Idea 1"",""Relevant questions for Idea 1""]]","[[""Questions""]]","[[""Relevant questions for Idea 1"",""-""]]","[[""Questions""],[""Idea 2"",""Relevant questions for Idea 2""]]","[[""Relevant questions for Idea 1"",""Idea 1""]]","[[""Questions""]]","[[""Questions""]]","[[""Questions""]]","[[""Questions""]]","[[""Relevant questions for Idea 2"",""Idea 2""]]","[[""Questions""]]","[[""Discarded questions for Idea 1"",""Idea 1""]]","[[""Relevant questions for Idea 1"",""Idea 1""]]","[[""Questions""]]","[[""Questions""]]","[[""Discarded questions for Idea 1"",""Idea 1""]]","[[""Questions""]]","[[""Relevant questions for Idea 1"",""Idea 1""]]","[[""Questions""]]","[[""Questions""],[""Questions""],[""Idea 1"",""Relevant questions for Idea 1""]]","[[""Questions""]]","[[""Questions""]]","[[""Questions""]]","[[""Questions""]]","[[""Questions""]]","[[""Questions""]]","[[""Questions""]]","[[""Questions""]]"
q_ethical_concerns,"[[""Idea 2"",""Relevant questions for Idea 2""]]","[[""Questions""]]","[[""Idea 2"",""Relevant questions for Idea 2""]]","[[""Relevant questions for Idea 1"",""Idea 1""]]","[[""Discarded questions for Idea 1"",""Idea 1""]]","[[""Idea 1"",""Relevant questions for Idea 1""],[""Idea 2"",""Relevant questions for Idea 2""]]","[[""Questions""]]","[[""Questions""]]","[[""Idea 2"",""Discarded questions for Idea 2""]]","[[""Idea 2"",""Discarded questions for Idea 2""]]","[[""Questions""],[""Relevant questions for Idea 1""]]","[[""Relevant questions for Idea 2""]]","[[""Idea 2"",""Discarded questions for Idea 2""]]","[[""Relevant questions for Idea 1"",""Idea 1""]]","[[""Questions""]]","[[""Discarded questions for Idea 1"",""Idea 1""]]","[[""Discarded questions for Idea 1"",""Idea 1""]]","[[""Questions""]]","[[""Questions""],[""Questions""]]","[[""Relevant questions for Idea 1"",""Idea 1""]]","[[""Discarded questions for Idea 2"",""Idea 2""]]","[[""Idea 2"",""Relevant questions for Idea 2""]]","[[""Discarded questions for Idea 2"",""Idea 2""]]","[[""Idea 1""]]","[[""Discarded questions for Idea 1"",""Idea 1""]]","[[""Questions""]]","[[""Discarded questions for Idea 1"",""-""]]","[[""Idea 2"",""Relevant questions for Idea 2""]]","[[""Questions""]]","[[""Questions""]]","[[""Questions""]]","[[""Discarded questions for Idea 1"",""Idea 1""]]","[[""Discarded questions for Idea 1"",""Idea 1""]]","[[""Relevant questions for Idea 2"",""Idea 2""]]","[[""Idea 2"",""Relevant questions for Idea 2""]]","[[""Questions""]]","[[""Idea 1"",""Discarded questions for Idea 1""]]","[[""Questions""]]","[[""Questions""]]","[[""Relevant questions for Idea 1"",""Idea 1""]]","[[""Questions""]]","[[""Questions""]]","[[""Discarded questions for Idea 2"",""Idea 2""]]","[[""Questions""],[""Idea 1""],[""Discarded questions for Idea 1"",""Idea 1""]]","[[""Questions""]]","[[""Questions""]]","[[""Questions""]]","[[""Questions""]]","[[""Questions""]]","[[""Questions""]]","[[""Questions""]]","[[""Questions""]]"
q_environment,"[[""Discarded questions for Idea 2"",""Idea 2""]]","[[""Questions""]]","[[""Idea 2"",""Relevant questions for Idea 2""]]","[[""Relevant questions for Idea 1"",""Idea 1""]]","[[""Questions""]]","[[""Idea 1"",""Relevant questions for Idea 1""],[""Questions""]]","[[""Questions""]]","[[""Relevant questions for Idea 1"",""Idea 1""]]","[[""Idea 2"",""Relevant questions for Idea 2""]]","[[""Idea 2"",""Relevant questions for Idea 2""],[""Relevant questions for Idea 1"",""Idea 1""]]","[[""Questions""],[""Relevant questions for Idea 1""]]","[[""Questions""]]","[[""Idea 2"",""Relevant questions for Idea 2""]]","[[""Relevant questions for Idea 1"",""Idea 1""]]","[[""Questions""],[""Relevant questions"",""Idea 1""]]","[[""Discarded questions for Idea 1"",""Idea 1""]]","[[""Idea 1"",""Relevant questions for Idea 1""]]","[[""Relevant questions for Idea 1"",""Idea 1""]]","[[""Idea 1"",""Relevant questions for Idea 1""],[""Idea 1"",""Relevant questions for Idea 1""]]","[[""Discarded questions for Idea 1"",""Idea 1""]]","[[""Relevant questions for Idea 2"",""Idea 2""]]","[[""Idea 2"",""Relevant questions for Idea 2""]]","[[""Idea 2"",""Relevant questions for Idea 2""]]","[[""Idea 1""]]","[[""Idea 1"",""Relevant questions for Idea 1""]]","[[""Questions""]]","[[""Relevant questions for Idea 1"",""-""]]","[[""Idea 2"",""Relevant questions for Idea 2""]]","[[""Questions""]]","[[""Questions""]]","[[""Questions""]]","[[""Relevant questions for Idea 1"",""Idea 1""]]","[[""Questions""]]","[[""Discarded questions for Idea 2"",""Idea 2""]]","[[""Questions""]]","[[""Relevant questions for Idea 1"",""Idea 1""]]","[[""Relevant questions for Idea 1"",""Idea 1""]]","[[""Questions""]]","[[""Questions""]]","[[""Idea 1""]]","[[""Questions""]]","[[""Relevant questions for Idea 1"",""Idea 1""]]","[[""Questions""]]","[[""Questions""],[""Questions""]]","[[""Relevant opportunities for Idea 2"",""Idea 2""]]","[[""Questions""]]","[[""Questions""]]","[[""Questions""]]","[[""Questions""]]","[[""Questions""]]","[[""Questions""]]","[[""Idea 1"",""Relevant questions for Idea 1""]]"
q_degrees_of_freedom,"[[""Idea 2"",""Relevant questions for Idea 2""]]","[[""Questions""]]","[[""Discarded questions for Idea 2"",""Idea 2""]]","[[""Questions""]]","[[""Relevant questions for Idea 1"",""Idea 1""]]","[[""Idea 1"",""Discarded challenges for Idea 1""]]","[[""Questions""]]","[[""Questions""]]","[[""Idea 2"",""Relevant questions for Idea 2""]]","[[""Relevant questions for Idea 1"",""Idea 1""]]","[[""Questions""]]","[[""Relevant questions for Idea 2""]]","[[""Idea 2"",""Relevant questions for Idea 2""]]","[[""Discarded questions for Idea 1"",""Idea 1""]]","[[""Questions""],[""Relevant questions"",""Idea 1""]]","[[""Discarded questions for Idea 1"",""Idea 1""]]","[[""Idea 1"",""Relevant questions for Idea 1""]]","[[""Questions""]]","[[""Questions""],[""Idea 2"",""Relevant questions for Idea 2""]]","[[""Idea 1""]]","[[""Relevant questions for Idea 2"",""Idea 2""]]","[[""Idea 2"",""Relevant questions for Idea 2""]]","[[""Idea 2"",""Relevant questions for Idea 2""]]","[[""Questions""]]","[[""Idea 1"",""Relevant questions for Idea 1""]]","[[""Questions""]]","[[""Relevant questions for Idea 1"",""-""]]","[[""Questions""]]","[[""Relevant questions for Idea 1"",""Idea 1""]]","[[""Relevant questions for Idea 1"",""Idea 1""]]","[[""Questions""]]","[[""Relevant questions for Idea 1"",""Idea 1""]]","[[""Questions""]]","[[""Discarded questions for Idea 2"",""Idea 2""]]","[[""Questions""]]","[[""Questions""]]","[[""Relevant questions for Idea 1"",""Idea 1""]]","[[""Questions""]]","[[""Questions""],[""Idea 1""]]",[[]],"[[""Questions""]]","[[""Discarded questions for Idea 1"",""Idea 1""]]","[[""Discarded questions for Idea 2"",""Idea 2""]]","[[""Questions""],[""Questions""],[""Idea 1""],[""Idea 1"",""Relevant questions for Idea 1""]]","[[""Questions""]]",,"[[""Idea 2"",""Relevant questions for Idea 2""]]","[[""Questions""]]","[[""Questions""]]","[[""Questions""]]","[[""Questions""]]","[[""Relevant opportunities for Idea 2"",""Idea 2""]]"
q_immersion,"[[""Discarded questions for Idea 2"",""Idea 2""]]","[[""Relevant questions for Idea 1"",""Idea 1""]]","[[""Idea 2"",""Relevant questions for Idea 2""]]","[[""Relevant questions for Idea 1"",""Idea 1""]]","[[""Relevant questions for Idea 1"",""Idea 1""]]","[[""Idea 2"",""Relevant questions for Idea 2""]]","[[""Questions""]]","[[""Relevant questions for Idea 1"",""Idea 1""]]","[[""Idea 2"",""Relevant questions for Idea 2""]]","[[""Questions""]]","[[""Questions""],[""Relevant questions for Idea 1""]]","[[""Relevant questions for Idea 2""]]","[[""Idea 2"",""Relevant questions for Idea 2""]]","[[""Discarded questions for Idea 1"",""Idea 1""]]","[[""Questions""],[""Relevant questions"",""Idea 1""]]","[[""Relevant questions for Idea 1"",""Idea 1""]]","[[""Idea 1"",""Relevant questions for Idea 1""]]","[[""Relevant questions for Idea 1"",""Idea 1""]]","[[""Questions""],[""Questions""]]","[[""Relevant questions for Idea 1"",""Idea 1""]]","[[""Relevant questions for Idea 2"",""Idea 2""]]","[[""Idea 2"",""Relevant questions for Idea 2""]]","[[""Idea 1"",""Relevant opportunities for Idea 1""]]","[[""Idea 1""]]","[[""Idea 1"",""Relevant questions for Idea 1""]]","[[""Questions""]]","[[""Relevant questions for Idea 1"",""-""]]","[[""Questions""]]","[[""Relevant questions for Idea 1"",""Idea 1""]]","[[""Questions""]]","[[""Questions""]]","[[""Relevant questions for Idea 1"",""Idea 1""]]","[[""Questions""]]","[[""Relevant questions for Idea 2"",""Idea 2""]]","[[""Questions""]]","[[""Relevant questions for Idea 1"",""Idea 1""]]","[[""Relevant questions for Idea 1"",""Idea 1""]]","[[""Questions""]]","[[""Questions""]]","[[""Relevant questions for Idea 1"",""Idea 1""]]","[[""Questions""]]","[[""Idea 2"",""Relevant questions for Idea 2""]]","[[""Questions""],[""Relevant questions for Idea 2"",""Idea 2""],[""Relevant questions for Idea 1"",""Idea 1""]]","[[""Questions""],[""Questions""]]","[[""Questions""]]","[[""Questions""]]","[[""Questions""]]","[[""Questions""]]","[[""Questions""]]","[[""Questions""]]","[[""Questions""]]","[[""Idea 1"",""Relevant questions for Idea 1""]]"
o_holograms,"[[""Idea 2"",""Relevant opportunities for Idea 2""]]","[[""Idea 1"",""Relevant opportunities for Idea 1""]]","[[""Idea 2""]]","[[""Player 2 Opportunities""],[""Idea 2"",""Relevant opportunities for Idea 2""]]","[[""Player 2 Opportunities""]]","[[""Discarded opportunities  for Idea 1"",""Idea 1""]]","[[""111Idea 1"",""Relevant opportunities for Idea 1""]]","[[""Idea 1"",""Relevant opportunities for Idea 1""]]","[[""R Opportunities""]]","[[""Player 2 Opportunities""]]","[[""Player 2 Opportunities""]]","[[""Discarded opportunities  for Idea 2""]]",,"[[""Player 2 Opportunities""]]","[[""Player 2 Opportunities""]]","[[""Player 2 Opportunities""]]","[[""Player 2 Opportunities""]]","[[""Player 2 Opportunities""]]","[[""Player 2 Opportunities""],[""Player 2 Opportunities""]]","[[""Player 2 Opportunities""]]","[[""Player 2 Opportunities""]]","[[""Player 2 Opportunities""]]","[[""Player 2 Opportunities""]]","[[""Player 2 Opportunities""]]","[[""Player 2 Opportunities""],[""Idea 1"",""Discarded opportunities  for Idea 1""]]","[[""Relevant opportunities for Idea 2"",""Idea 2""]]","[[""Player 2 Opportunities""]]","[[""Player 2 Opportunities""]]","[[""Relevant opportunities for Idea 2"",""Idea 2""]]","[[""Player 2 Opportunities""]]","[[""Player 2 Opportunities""]]","[[""Idea 2"",""Relevant opportunities for Idea 2""]]","[[""Player 2 Opportunities""]]","[[""Idea 2"",""Relevant opportunities for Idea 2""]]","[[""Relevant opportunities for Idea 2"",""Idea 2""]]","[[""Idea 2"",""Relevant opportunities for Idea 2""]]","[[""Player 2 Opportunities""]]","[[""Player 2 Opportunities""]]","[[""Player 2 Opportunities""]]","[[""Player 2 Opportunities""]]","[[""Player 2 Opportunities""]]","[[""Player 2 Opportunities""]]","[[""Idea 2"",""Relevant opportunities for Idea 2""]]","[[""Player 2 Opportunities""],[""Player 2 Opportunities""]]","[[""Idea 1"",""Relevant opportunities for Idea 1""]]","[[""Idea 2""]]","[[""Relevant opportunities for Idea 2"",""Idea 2""]]","[[""Player 2 Opportunities""]]","[[""Player 2 Opportunities""]]","[[""Player 2 Opportunities""]]","[[""Idea 1"",""Relevant opportunities for Idea 1""]]","[[""Player 2 Opportunities""]]"
o_registered,"[[""Idea 2"",""Relevant opportunities for Idea 2""]]","[[""Player 1 Opportunities""]]","[[""Player 1 Opportunities""]]","[[""Player 1 Opportunities""]]","[[""Player 1 Opportunities""]]",[[]],"[[""Player 1 Opportunities""]]","[[""Player 1 Opportunities""]]","[[""N Opportunities""]]","[[""Player 1 Opportunities""]]","[[""Player 1 Opportunities""]]","[[""Player 1 Opportunities""]]","[[""Player 1 Opportunities""]]","[[""Discarded questions for Idea 1"",""Idea 1""]]","[[""Player 1 Opportunities""]]","[[""Player 1 Opportunities""]]","[[""Relevant opportunities for Idea 2"",""Idea 2""]]","[[""Player 1 Opportunities""]]","[[""Player 1 Opportunities""],[""Player 1 Opportunities""]]","[[""Player 1 Opportunities""]]","[[""Player 1 Opportunities""]]","[[""Player 1 Opportunities""]]","[[""Player 1 Opportunities""]]","[[""Player 1 Opportunities""]]","[[""Player 1 Opportunities""]]","[[""Player 1 Opportunities""]]","[[""Player 1 Opportunities""]]","[[""Relevant opportunities for Idea 2"",""Idea 2""]]","[[""Relevant opportunities for Idea 2"",""Idea 2""]]","[[""Player 1 Opportunities""]]","[[""Player 1 Opportunities""]]","[[""Player 1 Opportunities""]]","[[""Player 1 Opportunities""]]","[[""Player 1 Opportunities""]]","[[""Id""]]","[[""Player 1 Opportunities""]]","[[""Player 1 Opportunities""]]","[[""Player 1 Opportunities""]]","[[""Player 1 Opportunities""]]","[[""Player 1 Opportunities""]]","[[""Player 1 Opportunities""]]","[[""Player 1 Opportunities""]]","[[""Player 1 Opportunities""]]","[[""Player 1 Opportunities""],[""Player 1 Opportunities""]]","[[""Player 1 Opportunities""]]","[[""Player 1 Opportunities""]]","[[""Player 1 Opportunities""]]","[[""Player 1 Opportunities""]]","[[""Player 1 Opportunities""]]","[[""Player 1 Opportunities""]]","[[""Player 1 Opportunities""]]","[[""Player 1 Opportunities""]]"
o_augmented_reality_markers,"[[""Idea 2"",""Relevant opportunities for Idea 2""]]","[[""Player 2 Opportunities""]]","[[""Player 3 Opportunities""]]","[[""Player 3 Opportunities""],[""Idea 2"",""Relevant opportunities for Idea 2""]]","[[""Player 3 Opportunities""]]","[[""Player 3 Opportunities""]]","[[""Idea 2"",""Relevant opportunities for Idea 2""]]","[[""Player 3 Opportunities""]]","[[""G Opportunities""]]","[[""Idea 2"",""Relevant opportunities for Idea 2""]]",[[]],"[[""Player 3 Opportunities""]]","[[""Player 3 Opportunities""]]","[[""S Opportunities""]]","[[""Player 3 Opportunities""]]","[[""Player 3 Opportunities""]]","[[""Player 3 Opportunities""]]","[[""Player 3 Opportunities""]]","[[""Discarded opportunities  for Idea 2"",""Idea 2""],[""Discarded opportunities  for Idea 2"",""Idea 2""]]","[[""Player 3 Opportunities""]]","[[""Player 3 Opportunities""]]","[[""Player 3 Opportunities""]]","[[""Player 3 Opportunities""]]","[[""Player 3 Opportunities""]]","[[""Player 3 Opportunities""]]","[[""Player 3 Opportunities""]]","[[""Player 3 Opportunities""]]","[[""Relevant opportunities for Idea 2"",""Idea 2""],[""Player 3 Opportunities""]]","[[""Player 3 Opportunities""]]","[[""Player 3 Opportunities""]]","[[""Player 3 Opportunities""]]","[[""Player 3 Opportunities""]]","[[""Player 3 Opportunities""]]","[[""Player 3 Opportunities""]]","[[""Player 3 Opportunities""]]","[[""Player 3 Opportunities""]]","[[""Player 3 Opportunities""]]","[[""Player 3 Opportunities""]]","[[""Player 3 Opportunities""]]","[[""Player 3 Opportunities""]]","[[""Player 3 Opportunities""]]","[[""Player 3 Opportunities""]]","[[""Idea 2"",""Discarded opportunities  for Idea 2""]]","[[""Player 3 Opportunities""],[""Idea 1""]]","[[""Relevant opportunities for Idea 2"",""Idea 2""]]","[[""Player 3 Opportunities""]]","[[""Player 3 Opportunities""]]","[[""Player 3 Opportunities""]]","[[""Player 3 Opportunities""]]","[[""Player 3 Opportunities""]]","[[""Idea 1"",""Relevant opportunities for Idea 1""]]","[[""Player 3 Opportunities""]]"
o_punch_through_cameras,"[[""Idea 2"",""Relevant opportunities for Idea 2""]]","[[""Player 4 Opportunities""]]","[[""Idea 2""]]","[[""Player 4 Opportunities""],[""Discarded opportunities  for Idea 1"",""Idea 1""]]","[[""Player 4 Opportunities""]]","[[""Player 4 Opportunities""]]","[[""Player 4 Opportunities""]]","[[""Player 4 Opportunities""]]","[[""F Opportunities""]]","[[""Player 4 Opportunities""]]","[[""Player 2 Opportunities""]]","[[""Player 4 Opportunities""]]","[[""Player 4 Opportunities""]]","[[""Xav  Opportunities""]]","[[""Player 4 Opportunities""]]","[[""Player 4 Opportunities""]]","[[""Player 4 Opportunities""]]","[[""Player 4 Opportunities""]]","[[""Player 4 Opportunities""],[""Player 4 Opportunities""]]","[[""Player 4 Opportunities""]]","[[""Player 4 Opportunities""]]","[[""Player 4 Opportunities""]]","[[""Idea 2"",""Relevant opportunities for Idea 2""]]","[[""Player 4 Opportunities""]]","[[""Player 4 Opportunities""]]","[[""Player 3 Opportunities""]]","[[""Player 2 Opportunities""]]","[[""Player 4 Opportunities""]]","[[""Player 4 Opportunities""]]","[[""Player 4 Opportunities""]]","[[""Player 4 Opportunities""]]","[[""Player 4 Opportunities""]]","[[""Idea 1""]]","[[""Player 4 Opportunities""]]","[[""Player 4 Opportunities""]]","[[""Player 4 Opportunities""]]","[[""Relevant opportunities for Idea 1"",""Idea 1""]]","[[""Player 4 Opportunities""]]","[[""Player 4 Opportunities""]]","[[""Player 4 Opportunities""]]","[[""Player 4 Opportunities""]]","[[""Player 4 Opportunities""]]","[[""Player 4 Opportunities""]]","[[""Player 4 Opportunities""],[""Idea 1"",""Relevant opportunities for Idea 1""],[""Idea 1""],[""Player 4 Opportunities""],[""Discarded opportunities  for Idea 1"",""Idea 1""]]","[[""Player 4 Opportunities""]]","[[""Player 4 Opportunities""]]","[[""Player 4 Opportunities""]]","[[""Player 4 Opportunities""]]","[[""Player 4 Opportunities""]]","[[""Player 4 Opportunities""]]","[[""Player 4 Opportunities""]]","[[""Player 4 Opportunities""]]"
o_360_video,"[[""Player 4 Opportunities""]]","[[""Player 4 Opportunities""]]","[[""Player 4 Opportunities""]]","[[""Player 4 Opportunities""]]","[[""Relevant opportunities for Idea 2"",""Idea 2""]]","[[""Relevant opportunities for Idea 2"",""Idea 2""]]","[[""Idea 2"",""Relevant opportunities for Idea 2""]]","[[""Player 4 Opportunities""]]","[[""Relevant opportunities for Idea 2"",""Idea 2""]]","[[""Player 4 Opportunities""]]","[[""Relevant opportunities for Idea 2"",""Idea 2""]]","[[""Discarded opportunities  for Idea 2""]]","[[""Idea 1"",""Discarded opportunities  for Idea 1""],[""Player 4 Opportunities""]]","[[""Xav  Opportunities""]]","[[""Player 4 Opportunities""]]","[[""Player 4 Opportunities""]]","[[""Relevant opportunities for Idea 2"",""Idea 2""]]","[[""Relevant opportunities for Idea 2"",""Idea 2""]]","[[""Relevant opportunities for Idea 2"",""Idea 2""],[""Relevant opportunities for Idea 2"",""Idea 2""]]","[[""Player 4 Opportunities""]]","[[""Discarded opportunities  for Idea 2"",""Idea 2""]]","[[""Player 4 Opportunities""]]","[[""Player 4 Opportunities""]]","[[""Player 4 Opportunities""],[""Idea 1""]]","[[""Player 4 Opportunities""]]","[[""Player 1 Opportunities""]]","[[""Relevant opportunities for Idea 2"",""Idea 2""]]","[[""Player 4 Opportunities""]]","[[""Player 4 Opportunities""]]","[[""Idea 2"",""Relevant opportunities for Idea 2""]]","[[""Player 4 Opportunities""]]","[[""Idea 2"",""Relevant opportunities for Idea 2""]]","[[""Player 4 Opportunities""]]","[[""Player 4 Opportunities""]]","[[""Relevant opportunities for Idea 2"",""Idea 2""]]","[[""Idea 2"",""Relevant opportunities for Idea 2""]]","[[""Player 4 Opportunities""]]","[[""Player 4 Opportunities""]]","[[""Relevant opportunities for Idea 2"",""Idea 2""],[""Player 4 Opportunities""]]","[[""Idea 2"",""Relevant opportunities for Idea 2""]]","[[""Player 4 Opportunities""]]","[[""Relevant opportunities for Idea 2"",""Idea 2""]]","[[""Idea 2"",""Relevant opportunities for Idea 2""]]","[[""Player 4 Opportunities""],[""Relevant opportunities for Idea 2"",""Idea 2""],[""Player 4 Opportunities""],[""Discarded opportunities  for Idea 1"",""Idea 1""]]","[[""Player 4 Opportunities""]]","[[""Player 4 Opportunities""]]","[[""Idea 1"",""Relevant opportunities for Idea 1""]]","[[""Player 4 Opportunities""],[""Relevant opportunities for Idea 2"",""Idea 2""]]","[[""Player 4 Opportunities""]]","[[""Player 4 Opportunities""]]","[[""Player 4 Opportunities""]]","[[""Player 4 Opportunities""]]"
o_taste,"[[""Player 4 Opportunities""]]","[[""Player 4 Opportunities""]]","[[""Player 4 Opportunities""]]","[[""Player 4 Opportunities""]]","[[""Player 4 Opportunities""]]","[[""Relevant opportunities for Idea 2"",""Idea 2""]]","[[""Player 4 Opportunities""]]","[[""Player 4 Opportunities""]]","[[""F Opportunities""]]","[[""Player 4 Opportunities""]]",[[]],"[[""Idea 2 ""]]","[[""Player 4 Opportunities""]]","[[""Xav  Opportunities""]]","[[""Discarded questions for Idea 1"",""Idea 1""],[""Idea 1"",""Discarded opportunities""]]","[[""Player 4 Opportunities""]]","[[""Player 4 Opportunities""]]","[[""Player 4 Opportunities""]]","[[""Relevant opportunities for Idea 1"",""Idea 1""],[""Relevant opportunities for Idea 1"",""Idea 1""]]","[[""Player 4 Opportunities""]]","[[""Player 4 Opportunities""]]","[[""Player 4 Opportunities""]]","[[""Player 4 Opportunities""]]","[[""Player 4 Opportunities""]]","[[""Player 4 Opportunities""]]","[[""Idea 1"",""Relevant opportunities for Idea 1""]]","[[""Player 3 Opportunities""]]","[[""Player 4 Opportunities""]]","[[""Player 4 Opportunities""]]","[[""Player 4 Opportunities""]]","[[""Player 4 Opportunities""]]","[[""Idea 2"",""Discarded opportunities  for Idea 2""]]","[[""Player 4 Opportunities""]]","[[""Player 4 Opportunities""]]","[[""Player 4 Opportunities""]]","[[""Player 4 Opportunities""]]","[[""Relevant opportunities for Idea 2"",""Idea 2""]]","[[""Player 4 Opportunities""]]","[[""Player 4 Opportunities""]]","[[""Player 4 Opportunities""]]","[[""Player 4 Opportunities""]]","[[""Player 4 Opportunities""]]","[[""Idea 2"",""Discarded opportunities  for Idea 2""]]","[[""Player 4 Opportunities""],[""Player 4 Opportunities""],[""Discarded opportunities  for Idea 1"",""Idea 1""]]","[[""Player 4 Opportunities""]]","[[""Idea 2""]]","[[""Relevant opportunities for Idea 2"",""Idea 2""]]","[[""Player 4 Opportunities""]]","[[""Player 4 Opportunities""]]","[[""Player 4 Opportunities""],[""Idea 2""]]","[[""Player 4 Opportunities""]]","[[""Player 4 Opportunities""]]"
o_gestures,"[[""Player 4 Opportunities""]]","[[""Player 4 Opportunities""]]","[[""Idea 2""]]","[[""Player 4 Opportunities""]]","[[""Player 4 Opportunities""]]","[[""Discarded opportunities  for Idea 2"",""Idea 2""]]","[[""111Idea 1"",""Relevant opportunities for Idea 1""]]","[[""Idea 1"",""Relevant opportunities for Idea 1""]]","[[""Idea 1"",""Relevant opportunities for Idea 1""]]","[[""Player 4 Opportunities""]]","[[""Discarded opportunities  for Idea 1""],[],[""Relevant opportunities for Idea 2"",""Idea 2""]]","[[""Player 4 Opportunities""]]","[[""Relevant opportunities for Idea 2"",""Idea 2""]]","[[""Idea 1"",""Relevant opportunities for Idea 1""]]","[[""Idea 1"",""Discarded opportunities""]]","[[""Player 4 Opportunities""]]","[[""Player 4 Opportunities""]]","[[""Idea 1"",""Relevant opportunities for Idea 1""]]","[[""Player 4 Opportunities""],[""Player 4 Opportunities""]]","[[""Player 4 Opportunities""],[""Idea 1"",""Discarded opportunities  for Idea 1""]]","[[""Player 4 Opportunities""]]","[[""Player 4 Opportunities""],[""Idea 2"",""Relevant opportunities for Idea 2""]]","[[""Player 4 Opportunities""]]","[[""Player 4 Opportunities""]]","[[""Player 4 Opportunities""],[""Idea 1"",""Relevant opportunities for Idea 1""]]","[[""Relevant opportunities for Idea 2"",""Idea 2""]]","[[""Relevant opportunities for Idea 2"",""Idea 2""]]","[[""Idea 1"",""Relevant opportunities for Idea 1""],[""Relevant opportunities for Idea 2"",""Idea 2""],[""Player 4 Opportunities""]]","[[""Player 4 Opportunities""]]","[[""Player 4 Opportunities""]]","[[""Player 4 Opportunities""]]","[[""Player 4 Opportunities""]]","[[""Player 4 Opportunities""]]","[[""Idea 1"",""Relevant opportunities for Idea 1""]]","[[""Relevant opportunities for Idea 2"",""Idea 2""]]","[[""Player 4 Opportunities""]]","[[""Idea 1"",""Discarded opportunities  for Idea 1""]]","[[""Player 4 Opportunities""]]","[[""Player 4 Opportunities""]]","[[""Idea 1"",""Discarded opportunities  for Idea 1""]]","[[""Player 4 Opportunities""]]",,"[[""Idea 1"",""Relevant opportunities for Idea 1""]]","[[""Player 4 Opportunities""],[""Idea 1"",""Discarded opportunities  for Idea 1""],[""Player 4 Opportunities""]]","[[""Player 4 Opportunities""]]","[[""Player 4 Opportunities""]]","[[""Player 4 Opportunities""]]","[[""Player 4 Opportunities""]]","[[""Idea 1"",""Relevant opportunities for Idea 1""]]","[[""Player 4 Opportunities""]]","[[""Relevant opportunities for Idea 2"",""Idea 2""]]","[[""Player 4 Opportunities""]]"
o_projected_VR,"[[""Player 4 Opportunities""]]","[[""Player 4 Opportunities""]]","[[""Player 4 Opportunities""]]","[[""Player 4 Opportunities""],[""Idea 2"",""Relevant opportunities for Idea 2""]]","[[""Player 4 Opportunities""]]","[[""Player 4 Opportunities""]]","[[""Player 4 Opportunities""]]","[[""Player 4 Opportunities""]]","[[""F Opportunities""]]","[[""Player 4 Opportunities""]]",[[]],"[[""Player 4 Opportunities""]]","[[""Relevant opportunities for Idea 1Player 3 Opportunities"",""Idea 1""]]","[[""Xav  Opportunities""]]","[[""Player 4 Opportunities""]]","[[""Idea 2"",""Relevant opportunities for Idea 2""]]","[[""Idea 1"",""Relevant opportunities for Idea 1""]]","[[""Player 4 Opportunities""]]","[[""Player 4 Opportunities""],[""Player 4 Opportunities""]]","[[""Relevant opportunities for Idea 2"",""Idea 2""],[""Player 4 Opportunities""]]","[[""Player 4 Opportunities""]]","[[""Player 4 Opportunities""]]","[[""Player 4 Opportunities""]]","[[""Player 4 Opportunities""]]","[[""Player 4 Opportunities""],[""Idea 2"",""Relevant opportunities for Idea 2""]]","[[""Player 2 Opportunities""]]","[[""Player 2 Opportunities""]]","[[""Player 4 Opportunities""]]","[[""Player 4 Opportunities""]]","[[""Player 4 Opportunities""]]","[[""Player 4 Opportunities""]]","[[""Player 4 Opportunities""]]","[[""Player 4 Opportunities""]]","[[""Player 4 Opportunities""]]","[[""Player 4 Opportunities""]]","[[""Player 4 Opportunities""]]","[[""Player 4 Opportunities""]]","[[""Player 4 Opportunities""]]","[[""Player 4 Opportunities""]]","[[""Player 4 Opportunities""]]","[[""Player 4 Opportunities""]]","[[""Player 4 Opportunities""]]","[[""Player 4 Opportunities""]]","[[""Player 4 Opportunities""],[""Idea 1"",""Relevant opportunities for Idea 1""],[""Idea 1"",""Discarded opportunities  for Idea 1""]]","[[""Idea 1"",""Relevant opportunities for Idea 1""]]","[[""Player 4 Opportunities""]]","[[""Player 4 Opportunities""]]","[[""Player 4 Opportunities""]]","[[""Player 4 Opportunities""]]","[[""Player 4 Opportunities""]]","[[""Player 4 Opportunities""]]","[[""Player 4 Opportunities""]]"
o_standing,"[[""Player 4 Opportunities""]]","[[""Idea 1"",""Relevant opportunities for Idea 1""]]","[[""Player 4 Opportunities""]]","[[""Player 4 Opportunities""]]","[[""Idea 1"",""Relevant opportunities for Idea 1""]]","[[""Relevant opportunities for Idea 2"",""Idea 2""]]","[[""Player 4 Opportunities""]]","[[""Idea 2"",""Relevant opportunities for Idea 2""],[""Player 4 Opportunities""]]","[[""F Opportunities""]]","[[""Player 4 Opportunities""]]","[[""Player 1 Opportunities""],[""Relevant opportunities for Idea 1""]]","[[""Player 4 Opportunities""]]","[[""Player 4 Opportunities""]]","[[""Xav  Opportunities""]]","[[""Idea 1""]]","[[""Idea 1"",""Relevant opportunities for Idea 1""]]","[[""Idea 1"",""Relevant opportunities for Idea 1""]]","[[""Idea 1"",""Relevant opportunities for Idea 1""]]","[[""Relevant opportunities for Idea 2"",""Idea 2""],[""Relevant opportunities for Idea 2"",""Idea 2""]]","[[""Player 4 Opportunities""],[""Idea 1"",""Relevant opportunities for Idea 1""]]","[[""Relevant opportunities for Idea 2"",""Idea 2""]]","[[""Idea 1"",""Relevant opportunities for Idea 1""]]","[[""Player 4 Opportunities""]]","[[""Player 4 Opportunities""]]","[[""Player 4 Opportunities""]]","[[""Player 3 Opportunities""]]","[[""Player 1 Opportunities""]]","[[""Relevant opportunities for Idea 2"",""Idea 2""],[""Player 4 Opportunities""]]","[[""Idea 1"",""Relevant opportunities for Idea 1""]]","[[""Idea 1""]]","[[""Player 4 Opportunities""]]","[[""Idea 1"",""Relevant opportunities for Idea 1""]]","[[""Idea 1""]]","[[""Idea 2"",""Relevant opportunities for Idea 2""]]","[[""Relevant questions for Idea 1"",""Id""]]","[[""Idea 1"",""Discarded opportunities  for Idea 1""]]","[[""Idea 1"",""Discarded opportunities  for Idea 1""]]","[[""Player 4 Opportunities""]]","[[""Idea 1""]]","[[""Idea 1"",""Relevant opportunities for Idea 1""]]","[[""Player 4 Opportunities""]]","[[""Player 4 Opportunities""]]","[[""Idea 2"",""Relevant opportunities for Idea 2""]]","[[""Player 4 Opportunities""],[""Relevant opportunities for Idea 2"",""Idea 2""],[""Player 4 Opportunities""],[""Relevant opportunities for Idea 1"",""Idea 1""]]","[[""Player 4 Opportunities""]]","[[""Idea 1""]]","[[""Player 4 Opportunities""]]","[[""Player 4 Opportunities""]]","[[""Player 4 Opportunities""]]","[[""Player 4 Opportunities""]]","[[""Player 4 Opportunities""]]","[[""Player 4 Opportunities""]]"
o_mirror_based_augmented_reality,"[[""Player 4 Opportunities""]]","[[""Player 4 Opportunities""]]","[[""Player 4 Opportunities""]]","[[""Player 4 Opportunities""]]","[[""Player 4 Opportunities""]]","[[""Player 4 Opportunities""]]","[[""Player 4 Opportunities""]]","[[""Player 4 Opportunities""]]","[[""F Opportunities""]]","[[""Player 4 Opportunities""]]",[[]],"[[""Player 4 Opportunities""]]","[[""Player 4 Opportunities""]]","[[""Xav  Opportunities""]]","[[""Player 4 Opportunities""]]","[[""Player 4 Opportunities""]]","[[""Player 4 Opportunities""]]","[[""Player 4 Opportunities""]]","[[""Player 4 Opportunities""],[""Player 4 Opportunities""]]","[[""Player 4 Opportunities""]]","[[""Player 4 Opportunities""]]","[[""Player 4 Opportunities""]]","[[""Player 4 Opportunities""]]","[[""Player 4 Opportunities""]]","[[""Player 4 Opportunities""]]","[[""Player 2 Opportunities""]]","[[""Player 1 Opportunities""]]","[[""Relevant opportunities for Idea 2"",""Idea 2""],[""Player 4 Opportunities""]]","[[""Relevant opportunities for Idea 2"",""Idea 2""]]","[[""Player 4 Opportunities""]]","[[""Player 4 Opportunities""]]","[[""Player 4 Opportunities""]]","[[""Player 4 Opportunities""]]","[[""Idea 2"",""Relevant opportunities for Idea 2""]]","[[""Player 4 Opportunities""]]","[[""Player 4 Opportunities""]]","[[""Player 4 Opportunities""]]","[[""Player 4 Opportunities""]]","[[""Player 4 Opportunities""]]","[[""Player 4 Opportunities""]]","[[""Player 4 Opportunities""]]","[[""Player 4 Opportunities""]]","[[""Player 4 Opportunities""]]","[[""Player 4 Opportunities""],[""Player 4 Opportunities""]]","[[""Player 4 Opportunities""]]","[[""Player 4 Opportunities""]]","[[""Player 4 Opportunities""]]","[[""Player 4 Opportunities""]]","[[""Player 4 Opportunities""]]","[[""Player 4 Opportunities""]]","[[""Player 4 Opportunities""]]","[[""Player 4 Opportunities""]]"
o_controllers,"[[""Player 4 Opportunities""]]","[[""Idea 1"",""Discarded opportunities  for Idea 1""]]","[[""Idea 1""]]","[[""Player 4 Opportunities""]]","[[""Idea 1"",""Relevant opportunities for Idea 1""]]","[[""Relevant opportunities for Idea 2"",""Idea 2""]]","[[""Player 4 Opportunities""]]","[[""Idea 1"",""Relevant opportunities for Idea 1""]]","[[""F Opportunities""]]","[[""Player 4 Opportunities""]]","[[""Relevant opportunities for Idea 1""]]","[[""Player 4 Opportunities""]]","[[""Player 4 Opportunities""]]","[[""Idea 1"",""Relevant opportunities for Idea 1""]]","[[""Player 4 Opportunities""],[""Idea 1""]]","[[""Idea 1"",""Relevant opportunities for Idea 1""]]","[[""Player 4 Opportunities""]]","[[""Idea 1"",""Relevant opportunities for Idea 1""]]","[[""Idea 1"",""Relevant questions for Idea 1""],[""Player 4 Opportunities""]]","[[""Player 4 Opportunities""]]","[[""Idea 1""]]","[[""Player 4 Opportunities""]]","[[""Player 4 Opportunities""]]","[[""Player 4 Opportunities""]]","[[""Player 4 Opportunities""]]","[[""Player 1 Opportunities""]]","[[""Relevant opportunities for Idea 1"",""-""]]","[[""Player 4 Opportunities""]]","[[""Idea 1"",""Relevant opportunities for Idea 1""]]","[[""Idea 1""]]","[[""Player 4 Opportunities""]]","[[""Player 4 Opportunities""]]","[[""Player 4 Opportunities""]]","[[""Player 4 Opportunities""]]","[[""Id""]]","[[""Idea 1"",""Relevant opportunities for Idea 1""]]","[[""Player 4 Opportunities""]]","[[""Player 4 Opportunities""]]","[[""Player 4 Opportunities""],[""Idea 1""]]","[[""Idea 1"",""Relevant opportunities for Idea 1""]]","[[""Player 4 Opportunities""]]","[[""Idea 1"",""Relevant opportunities for Idea 1""]]","[[""Player 4 Opportunities""]]","[[""Player 4 Opportunities""],[""Idea 1"",""Relevant opportunities for Idea 1""],[""Relevant opportunities for Idea 2"",""Idea 2""],[""Idea 1""],[""Player 4 Opportunities""],[""Relevant opportunities for Idea 1"",""Idea 1""]]","[[""Player 4 Opportunities""]]","[[""Player 4 Opportunities""]]","[[""Player 4 Opportunities""]]","[[""Player 4 Opportunities""]]","[[""Idea 1"",""Relevant opportunities for Idea 1""]]","[[""Player 4 Opportunities""],[""Idea 1""]]","[[""Idea 1"",""Relevant opportunities for Idea 1""]]","[[""Player 4 Opportunities""]]"
o_mixed_reality_architecture,"[[""Player 2 Opportunities""]]","[[""Idea 1"",""Discarded opportunities  for Idea 1""]]","[[""Player 2 Opportunities""]]","[[""Player 2 Opportunities""]]","[[""Player 2 Opportunities""]]",[[]],"[[""Player 2 Opportunities""]]","[[""Player 2 Opportunities""]]","[[""Idea 1"",""Relevant opportunities for Idea 1""]]","[[""Player 2 Opportunities""]]","[[""Player 2 Opportunities""]]","[[""Player 2 Opportunities""]]","[[""Player 2 Opportunities""]]","[[""Player 2 Opportunities""]]","[[""Player 2 Opportunities""]]","[[""Player 2 Opportunities""]]","[[""Relevant opportunities for Idea 2"",""Idea 2""]]","[[""Player 2 Opportunities""]]","[[""Player 2 Opportunities""],[""Player 2 Opportunities""]]","[[""Player 2 Opportunities""]]","[[""Idea 1""]]","[[""Player 2 Opportunities""]]","[[""Idea 2"",""Relevant opportunities for Idea 2""]]","[[""Player 2 Opportunities""]]","[[""Player 2 Opportunities""]]","[[""Player 2 Opportunities""]]","[[""Player 2 Opportunities""]]","[[""Player 2 Opportunities""]]","[[""Player 2 Opportunities""]]","[[""Player 2 Opportunities""]]","[[""Player 2 Opportunities""]]","[[""Player 2 Opportunities""]]","[[""Idea 2"",""Relevant opportunities for Idea 2""]]","[[""Idea 2"",""Discarded opportunities  for Idea 2""]]","[[""Player 2 Opportunities""]]","[[""Player 2 Opportunities""]]","[[""Relevant opportunities for Idea 2"",""Idea 2""]]","[[""Player 2 Opportunities""]]","[[""Player 2 Opportunities""],[""Relevant opportunities for Idea 2"",""Idea 2""],[""Idea 1""]]","[[""Player 2 Opportunities""]]","[[""Player 2 Opportunities""]]","[[""Idea 1"",""Relevant opportunities for Idea 1""]]","[[""Idea 1"",""Relevant opportunities for Idea 1""]]","[[""Player 2 Opportunities""],[""Idea 1"",""Discarded opportunities  for Idea 1""]]","[[""Player 2 Opportunities""]]","[[""Player 2 Opportunities""]]","[[""Player 2 Opportunities""]]","[[""Player 2 Opportunities""]]","[[""Idea 2""]]","[[""Idea 1""],[""Player 2 Opportunities""]]","[[""Player 2 Opportunities""]]","[[""Player 2 Opportunities""]]"
o_headmounted,"[[""Player 2 Opportunities""]]","[[""Player 2 Opportunities""]]","[[""Idea 2"",""Discarded opportunities for Idea 2""]]","[[""Player 2 Opportunities""],[""Idea 1"",""Relevant opportunities for Idea 1""]]","[[""Player 2 Opportunities""]]","[[""Player 2 Opportunities""]]","[[""Idea 2"",""Relevant opportunities for Idea 2""]]","[[""Player 2 Opportunities""]]","[[""R Opportunities""]]","[[""Player 2 Opportunities""]]","[[""Player 2 Opportunities""]]","[[""Idea 1""]]","[[""Player 2 Opportunities""]]","[[""Player 2 Opportunities""]]","[[""Idea 1"",""Discarded opportunities""]]","[[""Idea 2"",""Relevant opportunities for Idea 2""]]","[[""Player 2 Opportunities""]]","[[""Idea 1"",""Relevant opportunities for Idea 1""]]","[[""Relevant opportunities for Idea 2"",""Idea 2""],[""Relevant opportunities for Idea 2"",""Idea 2""]]","[[""Idea 1"",""Relevant opportunities for Idea 1""]]","[[""Player 2 Opportunities""]]","[[""Player 2 Opportunities""]]","[[""Player 2 Opportunities""]]","[[""Player 2 Opportunities""]]","[[""Player 2 Opportunities""],[""Idea 2"",""Relevant opportunities for Idea 2""]]","[[""Player 2 Opportunities""]]","[[""Player 2 Opportunities""]]","[[""Player 2 Opportunities""]]","[[""Idea 1"",""Relevant opportunities for Idea 1""]]","[[""Player 2 Opportunities""]]","[[""Player 2 Opportunities""]]","[[""Player 2 Opportunities""]]","[[""Player 2 Opportunities""]]","[[""Player 2 Opportunities""]]","[[""Id""]]","[[""Player 2 Opportunities""]]","[[""Relevant opportunities for Idea 1"",""Idea 1""]]","[[""Player 2 Opportunities""]]","[[""Player 2 Opportunities""],[""Idea 1""]]","[[""Player 1 Opportunities""]]","[[""Player 2 Opportunities""]]","[[""Player 2 Opportunities""]]","[[""Player 2 Opportunities""]]","[[""Player 2 Opportunities""],[""Player 2 Opportunities""],[""Relevant opportunities for Idea 1"",""Idea 1""]]","[[""Player 2 Opportunities""]]","[[""Player 2 Opportunities""]]","[[""Idea 1"",""Relevant opportunities for Idea 1""]]","[[""Player 2 Opportunities""]]","[[""Player 2 Opportunities""]]","[[""Player 2 Opportunities""],[""Idea 2""]]","[[""Relevant opportunities for Idea 2"",""Idea 2""]]","[[""Player 2 Opportunities""]]"
o_avatars,"[[""Player 2 Opportunities""]]","[[""Player 2 Opportunities""]]","[[""Idea 2""]]","[[""Player 2 Opportunities""]]","[[""Player 2 Opportunities""]]",[[]],"[[""Player 2 Opportunities""]]","[[""Player 2 Opportunities""]]","[[""R Opportunities""]]","[[""Player 2 Opportunities""]]","[[""Relevant opportunities for Idea 1""]]","[[""Player 2 Opportunities""]]","[[""Player 2 Opportunities""]]","[[""Player 2 Opportunities""]]","[[""Idea 1""]]","[[""Player 2 Opportunities""]]","[[""Player 2 Opportunities""]]","[[""Player 2 Opportunities""]]","[[""Idea 2"",""Relevant questions for Idea 2""],[""Player 2 Opportunities""]]","[[""Player 2 Opportunities""]]","[[""Player 2 Opportunities""]]","[[""Player 2 Opportunities""]]","[[""Player 2 Opportunities""]]","[[""Idea 1""]]","[[""Player 2 Opportunities""],[""Idea 1"",""Relevant opportunities for Idea 1""]]","[[""Player 2 Opportunities""]]","[[""Player 2 Opportunities""]]","[[""Player 2 Opportunities""],[""Discarded opportunities  for Idea 2"",""Idea 2""]]","[[""Player 2 Opportunities""]]","[[""Player 2 Opportunities""]]","[[""Relevant opportunities for Idea 2"",""Idea 2""],[""Player 2 Opportunities""]]","[[""Player 2 Opportunities""]]","[[""Idea 1""]]","[[""Player 2 Opportunities""]]","[[""Player 2 Opportunities""]]","[[""Idea 1"",""Discarded opportunities  for Idea 1""]]","[[""Relevant opportunities for Idea 1"",""Idea 1""]]","[[""Player 2 Opportunities""]]","[[""Player 2 Opportunities""]]","[[""Player 2 Opportunities""]]","[[""Player 2 Opportunities""]]","[[""Player 2 Opportunities""]]","[[""Idea 2"",""Discarded opportunities  for Idea 2""]]","[[""Player 2 Opportunities""],[""Player 2 Opportunities""]]","[[""Player 2 Opportunities""]]","[[""Player 2 Opportunities""]]","[[""Player 2 Opportunities""]]","[[""Player 2 Opportunities""]]","[[""Player 2 Opportunities""]]","[[""Idea 1""],[""Player 2 Opportunities""]]","[[""Player 2 Opportunities""]]","[[""Player 2 Opportunities""]]"
o_sensory_misalignment,"[[""Player 2 Opportunities""]]","[[""Player 2 Opportunities""]]","[[""Idea 1""]]","[[""Player 2 Opportunities""]]","[[""Player 2 Opportunities""]]","[[""Player 2 Opportunities""]]","[[""Player 2 Opportunities""]]","[[""Player 2 Opportunities""]]","[[""Relevant opportunities for Idea 2"",""Idea 2""]]","[[""Player 2 Opportunities""]]","[[""Player 2 Opportunities""],[""Discarded opportunities  for Idea 1""]]","[[""Player 2 Opportunities""]]","[[""Relevant opportunities for Idea 2"",""Idea 2""]]","[[""Player 2 Opportunities""]]","[[""Player 2 Opportunities""]]","[[""Player 2 Opportunities""]]","[[""Player 2 Opportunities""]]","[[""Player 2 Opportunities""]]","[[""Player 2 Opportunities""],[""Player 2 Opportunities""]]","[[""Player 2 Opportunities""]]","[[""Player 2 Opportunities""]]","[[""Idea 2"",""Relevant opportunities for Idea 2""]]","[[""Player 2 Opportunities""]]","[[""Idea 2"",""Relevant opportunities for Idea 2""]]","[[""Player 2 Opportunities""]]","[[""Player 2 Opportunities""]]","[[""Player 2 Opportunities""]]","[[""Player 2 Opportunities""],[""Discarded opportunities  for Idea 2"",""Idea 2""]]","[[""Player 2 Opportunities""]]","[[""Player 2 Opportunities""]]","[[""Relevant opportunities for Idea 2"",""Idea 2""],[""Player 2 Opportunities""]]","[[""Player 2 Opportunities""]]","[[""Player 2 Opportunities""]]","[[""Player 2 Opportunities""]]","[[""Player 2 Opportunities""]]","[[""Player 2 Opportunities""]]","[[""Player 2 Opportunities""]]","[[""Player 2 Opportunities""]]","[[""Player 2 Opportunities""]]","[[""Player 2 Opportunities""]]","[[""Player 2 Opportunities""]]","[[""Player 2 Opportunities""]]","[[""Player 2 Opportunities""]]","[[""Relevant opportunities for Idea 2"",""Idea 2""],[""Player 2 Opportunities""],[""Player 2 Opportunities""],[""Discarded opportunities  for Idea 1"",""Idea 1""]]","[[""Player 2 Opportunities""]]","[[""Player 2 Opportunities""]]","[[""Player 2 Opportunities""]]","[[""Player 2 Opportunities""]]","[[""Player 2 Opportunities""]]","[[""Player 2 Opportunities""]]","[[""Player 2 Opportunities""]]","[[""Player 2 Opportunities""]]"
o_balance,"[[""Player 2 Opportunities""]]","[[""Player 2 Opportunities""]]","[[""Player 2 Opportunities""]]","[[""Player 2 Opportunities""]]","[[""Relevant opportunities for Idea 2"",""Idea 2""]]",[[]],"[[""Player 2 Opportunities""]]","[[""Idea 2"",""Relevant opportunities for Idea 2""]]","[[""R Opportunities""]]","[[""Player 2 Opportunities""]]","[[""Player 2 Opportunities""]]","[[""Player 2 Opportunities""]]","[[""Player 2 Opportunities""]]","[[""Idea 2"",""Relevant opportunities for Idea 2""]]","[[""Player 2 Opportunities""]]","[[""Idea 1"",""Relevant opportunities for Idea 1""]]","[[""Player 2 Opportunities""]]","[[""Player 2 Opportunities""]]","[[""Player 2 Opportunities""],[""Player 2 Opportunities""]]","[[""Player 2 Opportunities""]]","[[""Relevant opportunities for Idea 2"",""Idea 2""]]","[[""Player 2 Opportunities""]]","[[""Player 2 Opportunities""]]","[[""Player 2 Opportunities""]]","[[""Player 2 Opportunities""]]","[[""Player 2 Opportunities""]]","[[""Relevant opportunities for Idea 1"",""-""]]","[[""Relevant opportunities for Idea 2"",""Idea 2""]]","[[""Player 2 Opportunities""]]","[[""Idea 2"",""Relevant opportunities for Idea 2""]]","[[""Player 2 Opportunities""]]","[[""Idea 1"",""Relevant opportunities for Idea 1""]]","[[""Player 2 Opportunities""]]","[[""Player 2 Opportunities""]]","[[""Player 2 Opportunities""]]","[[""Player 2 Opportunities""]]","[[""Player 2 Opportunities""]]","[[""Player 2 Opportunities""]]","[[""Player 2 Opportunities""]]","[[""Idea 2"",""Relevant opportunities for Idea 2""],[""Player 2 Opportunities""]]","[[""Idea 1"",""Relevant opportunities for Idea 1""]]","[[""Player 2 Opportunities""]]","[[""Player 2 Opportunities""],[""Idea 2"",""Relevant opportunities for Idea 2""]]","[[""Player 2 Opportunities""],[""Player 2 Opportunities""]]","[[""Player 2 Opportunities""]]","[[""Idea 1""]]","[[""Player 2 Opportunities""]]","[[""Player 2 Opportunities""]]","[[""Player 2 Opportunities""]]","[[""Player 2 Opportunities""]]","[[""Player 2 Opportunities""]]","[[""Player 2 Opportunities""]]"
o_tethering,"[[""Player 2 Opportunities""]]","[[""Player 2 Opportunities""]]","[[""Player 2 Opportunities""]]","[[""Player 2 Opportunities""]]","[[""Player 2 Opportunities""]]","[[""Player 2 Opportunities""]]","[[""Player 2 Opportunities""]]","[[""Player 2 Opportunities""]]","[[""R Opportunities""]]","[[""Player 2 Opportunities""]]","[[""Player 2 Opportunities""]]","[[""Player 2 Opportunities""]]","[[""Player 2 Opportunities""]]","[[""Idea 1"",""Discarded opportunities  for Idea 1""]]","[[""Idea 1""]]","[[""Player 2 Opportunities""]]","[[""Discarded questions for Idea 1"",""Idea 1""]]","[[""Player 2 Opportunities""]]","[[""Relevant opportunities for Idea 1"",""Idea 1""],[""Relevant opportunities for Idea 1"",""Idea 1""]]","[[""Idea 1"",""Discarded opportunities  for Idea 1""]]","[[""Player 2 Opportunities""]]","[[""Idea 2"",""Relevant opportunities for Idea 2""]]","[[""Player 2 Opportunities""]]","[[""Player 2 Opportunities""]]","[[""Player 2 Opportunities""]]","[[""Player 2 Opportunities""]]","[[""Player 2 Opportunities""]]","[[""Idea 1"",""Relevant opportunities for Idea 1""]]","[[""Player 2 Opportunities""]]","[[""Idea 1"",""Discarded opportunities  for Idea 1""]]","[[""Player 2 Opportunities""]]","[[""Player 2 Opportunities""]]","[[""Idea 1""]]","[[""Player 2 Opportunities""]]","[[""Player 2 Opportunities""]]","[[""Player 2 Opportunities""]]","[[""Player 2 Opportunities""]]","[[""Player 2 Opportunities""]]","[[""Player 2 Opportunities""]]","[[""Player 2 Opportunities""]]","[[""Player 2 Opportunities""]]","[[""Player 2 Opportunities""]]","[[""Player 2 Opportunities""]]","[[""Idea 1"",""Relevant opportunities for Idea 1""],[""Player 2 Opportunities""],[""Player 2 Opportunities""]]","[[""Player 2 Opportunities""]]","[[""Player 2 Opportunities""]]","[[""Player 2 Opportunities""]]","[[""Player 2 Opportunities""]]","[[""Player 2 Opportunities""]]","[[""Player 2 Opportunities""]]","[[""Player 2 Opportunities""]]","[[""Player 2 Opportunities""]]"
o_substitutional_reality,"[[""Player 1 Opportunities""]]","[[""Player 1 Opportunities""]]","[[""Player 1 Opportunities""]]","[[""Player 1 Opportunities""]]","[[""Player 1 Opportunities""]]",[[]],"[[""Player 1 Opportunities""]]","[[""Player 1 Opportunities""]]","[[""N Opportunities""]]","[[""Player 1 Opportunities""]]","[[""Player 1 Opportunities""]]","[[""Idea 2 ""]]","[[""Player 1 Opportunities""]]","[[""- Opportunities""]]","[[""Player 1 Opportunities""],[""Idea 2"",""Relevant opportunities for Idea 2""]]","[[""Player 1 Opportunities""]]","[[""Idea 1"",""Relevant opportunities for Idea 1""]]","[[""Player 1 Opportunities""]]",,"[[""Relevant opportunities for Idea 2"",""Idea 2""]]","[[""Player 1 Opportunities""]]","[[""Player 1 Opportunities""]]","[[""Player 1 Opportunities""]]","[[""Player 1 Opportunities""]]","[[""Player 1 Opportunities""]]","[[""Player 1 Opportunities""]]","[[""Player 1 Opportunities""]]","[[""Player 1 Opportunities""]]","[[""Player 1 Opportunities""]]","[[""Idea 2"",""Relevant opportunities for Idea 2""]]","[[""Player 1 Opportunities""]]","[[""Player 1 Opportunities""]]","[[""Player 1 Opportunities""]]","[[""Player 1 Opportunities""]]","[[""Player 1 Opportunities""]]","[[""Player 1 Opportunities""]]","[[""Player 1 Opportunities""]]","[[""Player 1 Opportunities""]]","[[""Player 1 Opportunities""]]","[[""Idea 1"",""Relevant opportunities for Idea 1""]]","[[""Idea 1"",""Relevant opportunities for Idea 1""]]","[[""Player 1 Opportunities""]]","[[""Player 1 Opportunities""]]","[[""Idea 1"",""Relevant opportunities for Idea 1""],[""Player 1 Opportunities""],[""Idea 1""]]","[[""Player 1 Opportunities""]]","[[""Player 1 Opportunities""]]","[[""Player 1 Opportunities""]]","[[""Player 1 Opportunities""]]","[[""Player 1 Opportunities""]]","[[""Player 1 Opportunities""]]","[[""Player 1 Opportunities""]]","[[""Idea 1"",""Relevant opportunities for Idea 1""]]"
o_emotion_recognition,"[[""Player 1 Opportunities""]]","[[""Player 1 Opportunities""]]",,"[[""Player 1 Opportunities""]]","[[""Player 1 Opportunities""]]","[[""Player 1 Opportunities""]]","[[""Player 1 Opportunities""]]","[[""Player 1 Opportunities""]]","[[""Discarded opportunities  for Idea 2"",""Idea 2""]]","[[""Player 1 Opportunities""]]","[[""Player 1 Opportunities""]]","[[""Player 1 Opportunities""]]","[[""Player 1 Opportunities""]]","[[""Idea 1"",""Discarded opportunities  for Idea 1""]]","[[""Player 1 Opportunities""]]","[[""Player 1 Opportunities""]]","[[""Player 1 Opportunities""]]","[[""Player 1 Opportunities""]]","[[""Player 1 Opportunities""],[""Player 1 Opportunities""]]","[[""Player 1 Opportunities""]]","[[""Player 1 Opportunities""]]","[[""Player 1 Opportunities""]]","[[""Player 1 Opportunities""]]","[[""Player 1 Opportunities""]]","[[""Player 1 Opportunities""]]","[[""Player 1 Opportunities""]]","[[""Player 1 Opportunities""]]","[[""Player 1 Opportunities""]]","[[""Player 1 Opportunities""]]","[[""Player 1 Opportunities""]]","[[""Player 1 Opportunities""]]","[[""Idea 1"",""Relevant opportunities for Idea 1""]]","[[""Player 1 Opportunities""]]","[[""Idea 2"",""Relevant opportunities for Idea 2""]]","[[""Player 1 Opportunities""]]","[[""Player 1 Opportunities""]]","[[""Player 1 Opportunities""]]","[[""Player 1 Opportunities""]]","[[""Player 1 Opportunities""]]","[[""Player 4 Opportunities""]]","[[""Player 1 Opportunities""]]","[[""Player 1 Opportunities""]]","[[""Player 1 Opportunities""]]","[[""Player 1 Opportunities""],[""Player 1 Opportunities""]]","[[""Player 1 Opportunities""]]","[[""Player 1 Opportunities""]]","[[""Player 1 Opportunities""]]","[[""Player 1 Opportunities""]]","[[""Idea 1"",""Relevant opportunities for Idea 1""]]","[[""Player 1 Opportunities""]]","[[""Player 1 Opportunities""]]","[[""Idea 1"",""Relevant opportunities for Idea 1""]]"
o_spatial_audio,"[[""Player 1 Opportunities""]]","[[""Idea 1"",""Relevant opportunities for Idea 1""]]","[[""Idea 1""]]","[[""Player 1 Opportunities""],[""Idea 2"",""Relevant opportunities for Idea 2""]]","[[""Relevant opportunities for Idea 2"",""Idea 2""]]","[[""Player 1 Opportunities""]]","[[""Idea 2"",""Relevant opportunities for Idea 2""]]","[[""Idea 1"",""Relevant opportunities for Idea 1""]]","[[""Idea 1"",""Relevant opportunities for Idea 1""]]","[[""Player 1 Opportunities""]]","[[""Player 1 Opportunities""]]","[[""Idea 1""]]","[[""Relevant opportunities for Idea 1Player 3 Opportunities"",""Idea 1""]]","[[""- Opportunities""]]","[[""Player 1 Opportunities""],[""Idea 1""]]","[[""Idea 1"",""Relevant opportunities for Idea 1""]]","[[""Player 2 Opportunities""]]","[[""Idea 1"",""Relevant opportunities for Idea 1""]]","[[""Relevant opportunities for Idea 2"",""Idea 2""],[""Relevant opportunities for Idea 2"",""Idea 2""]]","[[""Idea 1"",""Relevant opportunities for Idea 1""]]","[[""Relevant opportunities for Idea 2"",""Idea 2""]]","[[""Player 1 Opportunities""]]","[[""Player 1 Opportunities""]]","[[""Player 1 Opportunities""]]","[[""Player 1 Opportunities""]]","[[""Relevant opportunities for Idea 2"",""Idea 2""]]","[[""Player 1 Opportunities""]]","[[""Idea 1"",""Relevant opportunities for Idea 1""]]","[[""Idea 1"",""Relevant opportunities for Idea 1""]]","[[""Idea 1""]]","[[""Player 1 Opportunities""],[""Idea 1"",""Relevant opportunities for Idea 1""]]","[[""Idea 2"",""Relevant opportunities for Idea 2""]]","[[""Player 1 Opportunities""]]","[[""Idea 1"",""Relevant opportunities for Idea 1""]]","[[""Player 1 Opportunities""]]","[[""Idea 2"",""Relevant opportunities for Idea 2""]]","[[""Relevant opportunities for Idea 1"",""Idea 1""]]","[[""Player 1 Opportunities""]]","[[""Player 1 Opportunities""],[""Relevant opportunities for Idea 2"",""Idea 2""],[""Idea 1""]]","[[""Idea 1"",""Relevant opportunities for Idea 1""]]","[[""Player 1 Opportunities""]]","[[""Idea 2"",""Relevant questions for Idea 2""]]","[[""Idea 2"",""Relevant opportunities for Idea 2""]]","[[""Player 1 Opportunities""],[""Idea 1""]]","[[""Player 1 Opportunities""]]","[[""Idea 1""]]","[[""Player 1 Opportunities""]]","[[""Player 1 Opportunities""]]","[[""Player 1 Opportunities""]]","[[""Idea 1""],[""Player 1 Opportunities""],[""Idea 2""]]","[[""Player 1 Opportunities""]]","[[""Relevant opportunities for Idea 2"",""Idea 2""]]"
o_room_scale,"[[""Player 1 Opportunities""]]","[[""Player 1 Opportunities""]]","[[""Player 1 Opportunities""]]","[[""Idea 1"",""Relevant opportunities for Idea 1""]]","[[""Idea 1"",""Discarded opportunities  for Idea 1""]]",[[]],"[[""Player 1 Opportunities""]]","[[""Idea 1"",""Relevant opportunities for Idea 1""]]","[[""N Opportunities""]]","[[""Idea 1"",""Relevant opportunities for Idea 1""]]","[[""Player 1 Opportunities""],[""Relevant opportunities for Idea 2"",""Idea 2""]]","[[""Player 1 Opportunities""]]","[[""Player 1 Opportunities""]]","[[""Idea 1"",""Relevant opportunities for Idea 1""]]","[[""Idea 1""]]","[[""Player 1 Opportunities""]]","[[""Idea 1"",""Relevant opportunities for Idea 1""]]","[[""Player 1 Opportunities""]]","[[""Relevant opportunities for Idea 1"",""Idea 1""],[""Relevant opportunities for Idea 1"",""Idea 1""]]","[[""Idea 1"",""Relevant opportunities for Idea 1""]]","[[""Idea 1""]]","[[""Idea 1"",""Relevant opportunities for Idea 1""]]","[[""Player 1 Opportunities""]]","[[""Player 1 Opportunities""]]","[[""Idea 1"",""Relevant opportunities for Idea 1""]]","[[""Player 1 Opportunities""]]","[[""Player 1 Opportunities""]]","[[""Player 1 Opportunities""]]","[[""Player 1 Opportunities""]]","[[""Player 1 Opportunities""]]","[[""Player 1 Opportunities""],[""Idea 1"",""Relevant opportunities for Idea 1""]]","[[""Idea 1"",""Relevant opportunities for Idea 1""]]","[[""Idea 1""]]","[[""Player 1 Opportunities""]]","[[""Player 1 Opportunities""]]","[[""Idea 1"",""Relevant opportunities for Idea 1""]]","[[""Relevant opportunities for Idea 2"",""Idea 2""]]","[[""Player 1 Opportunities""]]","[[""Player 1 Opportunities""]]","[[""Idea 1"",""Relevant opportunities for Idea 1""]]","[[""Player 1 Opportunities""]]","[[""Idea 1"",""Relevant opportunities for Idea 1""]]","[[""Idea 1"",""Relevant opportunities for Idea 1""]]","[[""Player 1 Opportunities""],[""Player 1 Opportunities""],[""Relevant opportunities for Idea 1"",""Idea 1""]]","[[""Player 1 Opportunities""]]","[[""Player 1 Opportunities""]]","[[""Player 1 Opportunities""]]","[[""Idea 1"",""Relevant opportunities for Idea 1""]]","[[""Player 1 Opportunities""]]","[[""Idea 1""],[""Player 1 Opportunities""]]","[[""Relevant opportunities for Idea 2"",""Idea 2""]]","[[""Player 1 Opportunities""]]"
o_smell,"[[""Player 1 Opportunities""]]","[[""Idea 1"",""Discarded opportunities  for Idea 1""]]","[[""Player 1 Opportunities""]]","[[""Player 1 Opportunities""]]","[[""Player 1 Opportunities""]]","[[""Player 1 Opportunities""]]","[[""Player 1 Opportunities""]]","[[""Player 1 Opportunities""]]","[[""N Opportunities""]]","[[""Idea 1"",""Discarded opportunities  for Idea 1""]]","[[""Player 1 Opportunities""]]","[[""Player 1 Opportunities""]]","[[""Player 1 Opportunities""]]","[[""- Opportunities""]]","[[""Discarded questions for Idea 1"",""Idea 1""],[""Idea 1"",""Discarded opportunities""]]","[[""Idea 1"",""Discarded opportunities  for Idea 1""]]","[[""Player 1 Opportunities""]]","[[""Player 1 Opportunities""]]","[[""Player 1 Opportunities""],[""Idea 1"",""Discarded opportunities  for Idea 1""]]","[[""Player 1 Opportunities""]]","[[""Player 1 Opportunities""]]","[[""Player 1 Opportunities""]]","[[""Player 1 Opportunities""]]","[[""Player 1 Opportunities""]]","[[""Player 1 Opportunities""]]","[[""Idea 1"",""Relevant opportunities for Idea 1""]]","[[""Relevant opportunities for Idea 1"",""-""]]","[[""Player 1 Opportunities""]]","[[""Player 1 Opportunities""]]","[[""Player 1 Opportunities""]]","[[""Player 1 Opportunities""]]","[[""Player 1 Opportunities""]]","[[""Player 1 Opportunities""]]","[[""Player 1 Opportunities""]]","[[""Relevant opportunities for Idea 2"",""Idea 2""]]","[[""Idea 1"",""Discarded opportunities  for Idea 1""]]","[[""Player 1 Opportunities""]]","[[""Player 1 Opportunities""]]","[[""Player 1 Opportunities""]]","[[""Idea 1"",""Discarded opportunities  for Idea 1""],[""Player 1 Opportunities""]]","[[""Player 1 Opportunities""]]","[[""Player 1 Opportunities""]]","[[""Player 1 Opportunities""]]","[[""Player 1 Opportunities""],[""Player 1 Opportunities""]]","[[""Player 1 Opportunities""]]","[[""Player 1 Opportunities""]]","[[""Idea 1"",""Relevant opportunities for Idea 1""]]","[[""Player 1 Opportunities""]]","[[""Player 1 Opportunities""]]","[[""Player 1 Opportunities""]]","[[""Player 1 Opportunities""]]","[[""Relevant opportunities for Idea 2"",""Idea 2""]]"
o_ultrasonics,"[[""Player 1 Opportunities""]]","[[""Player 1 Opportunities""]]","[[""Player 1 Opportunities""]]","[[""Player 1 Opportunities""]]","[[""Player 1 Opportunities""]]","[[""Player 1 Opportunities""]]","[[""Player 1 Opportunities""]]","[[""Idea 1"",""Relevant opportunities for Idea 1""]]","[[""N Opportunities""]]","[[""Idea 1"",""Discarded opportunities  for Idea 1""]]","[[""Player 1 Opportunities""]]","[[""Player 1 Opportunities""]]","[[""Relevant opportunities for Idea 2"",""Idea 2""]]","[[""- Opportunities""]]","[[""Player 1 Opportunities""]]","[[""Player 1 Opportunities""]]","[[""Player 1 Opportunities""]]","[[""Player 1 Opportunities""]]","[[""Player 1 Opportunities""],[""Player 1 Opportunities""]]","[[""Player 1 Opportunities""]]","[[""Player 1 Opportunities""]]","[[""Player 1 Opportunities""]]","[[""Player 1 Opportunities""]]","[[""Player 1 Opportunities""]]","[[""Player 1 Opportunities""]]","[[""Player 1 Opportunities""]]","[[""Player 1 Opportunities""]]","[[""Player 1 Opportunities""]]","[[""Player 1 Opportunities""]]","[[""Player 1 Opportunities""]]","[[""Player 1 Opportunities""]]","[[""Player 1 Opportunities""]]","[[""Player 1 Opportunities""]]","[[""Player 1 Opportunities""]]","[[""Player 1 Opportunities""]]","[[""Player 1 Opportunities""]]","[[""Player 1 Opportunities""]]","[[""Player 1 Opportunities""]]","[[""Player 1 Opportunities""]]","[[""Player 1 Opportunities""]]","[[""Player 1 Opportunities""]]","[[""Player 1 Opportunities""]]","[[""Player 1 Opportunities""]]","[[""Player 1 Opportunities""],[""Player 1 Opportunities""]]","[[""Player 1 Opportunities""]]","[[""Player 1 Opportunities""]]","[[""Player 1 Opportunities""]]","[[""Player 1 Opportunities""]]","[[""Player 1 Opportunities""]]","[[""Player 1 Opportunities""]]","[[""Player 1 Opportunities""]]","[[""Player 1 Opportunities""]]"
o_temperature,"[[""Player 1 Opportunities""]]","[[""Idea 2"",""Relevant opportunities for Idea 2""]]","[[""Idea 2"",""Discarded opportunities for Idea 2""]]","[[""Player 1 Opportunities""]]","[[""Player 1 Opportunities""]]","[[""Player 1 Opportunities""]]","[[""Player 1 Opportunities""]]","[[""Idea 2"",""Relevant opportunities for Idea 2""]]","[[""Relevant opportunities for Idea 2"",""Idea 2""]]","[[""Player 1 Opportunities""]]","[[""Player 1 Opportunities""]]","[[""Idea 2 ""]]","[[""Discarded opportunities  for Idea 2"",""Idea 2""]]","[[""- Opportunities""]]","[[""Idea 1""]]","[[""Idea 2"",""Relevant opportunities for Idea 2""]]","[[""Player 1 Opportunities""]]","[[""Relevant opportunities for Idea 2"",""Idea 2""]]","[[""Idea 2"",""Discarded challenges for Idea 2""],[""Idea 2"",""Discarded challenges for Idea 2""]]","[[""Player 1 Opportunities""]]","[[""Player 1 Opportunities""]]","[[""Idea 2"",""Relevant opportunities for Idea 2""]]","[[""Player 1 Opportunities""]]","[[""Player 1 Opportunities""]]","[[""Idea 2"",""Relevant opportunities for Idea 2""]]","[[""Player 1 Opportunities""]]","[[""Relevant opportunities for Idea 2"",""Idea 2""]]","[[""Player 1 Opportunities""]]","[[""Idea 1"",""Relevant opportunities for Idea 1""]]","[[""Player 1 Opportunities""]]","[[""Player 1 Opportunities""]]","[[""Player 1 Opportunities""]]","[[""Idea 2"",""Relevant opportunities for Idea 2""]]","[[""Idea 2"",""Relevant opportunities for Idea 2""]]","[[""Relevant opportunities for Idea 2"",""Idea 2""]]","[[""Player 1 Opportunities""]]","[[""Player 1 Opportunities""]]","[[""Player 1 Opportunities""]]","[[""Player 1 Opportunities""]]","[[""Idea 1"",""Discarded opportunities  for Idea 1""],[""Player 1 Opportunities""]]","[[""Player 1 Opportunities""]]","[[""Relevant opportunities for Idea 2"",""Idea 2""]]","[[""Idea 2"",""Relevant opportunities for Idea 2""],[""Player 1 Opportunities""]]","[[""Player 1 Opportunities""],[""Idea 1""]]","[[""Player 1 Opportunities""]]","[[""Player 1 Opportunities""]]","[[""Player 1 Opportunities""]]","[[""Relevant opportunities for Idea 2"",""Idea 2""]]","[[""Idea 2""]]","[[""Player 1 Opportunities""]]","[[""Idea 1"",""Relevant opportunities for Idea 1""]]","[[""Idea 1"",""Relevant opportunities for Idea 1""],[""Player 1 Opportunities""]]"
o_flying,"[[""Player 3 Opportunities""]]","[[""Player 3 Opportunities""]]","[[""Idea 1""]]","[[""Player 3 Opportunities""]]","[[""Player 3 Opportunities""]]","[[""Relevant opportunities for Idea 2"",""Idea 2""]]","[[""Player 3 Opportunities""]]","[[""Player 3 Opportunities""]]","[[""Relevant opportunities for Idea 2"",""Idea 2""]]","[[""Player 3 Opportunities""]]",[[]],"[[""Player 3 Opportunities""]]","[[""Relevant opportunities for Idea 2"",""Idea 2""]]","[[""S Opportunities""]]","[[""Discarded questions for Idea 1"",""Idea 1""],[""Idea 1"",""Discarded opportunities""]]","[[""Player 3 Opportunities""]]","[[""Player 3 Opportunities""]]","[[""Relevant opportunities for Idea 2"",""Idea 2""]]","[[""Player 3 Opportunities""],[""Player 3 Opportunities""]]","[[""Idea 1"",""Discarded opportunities  for Idea 1""]]","[[""Relevant opportunities for Idea 2"",""Idea 2""]]","[[""Idea 2"",""Relevant opportunities for Idea 2""]]","[[""Player 3 Opportunities""]]","[[""Player 3 Opportunities""]]","[[""Idea 1"",""Discarded opportunities  for Idea 1""]]","[[""Player 3 Opportunities""]]","[[""Relevant opportunities for Idea 2"",""Idea 2""]]","[[""Idea 1"",""Relevant opportunities for Idea 1""],[""Player 3 Opportunities""]]","[[""Player 3 Opportunities""]]","[[""Player 3 Opportunities""]]","[[""Player 3 Opportunities""]]","[[""Idea 2"",""Relevant opportunities for Idea 2""]]","[[""Idea 2"",""Relevant opportunities for Idea 2""]]","[[""Idea 1"",""Relevant opportunities for Idea 1""]]","[[""Player 3 Opportunities""]]","[[""Player 3 Opportunities""]]","[[""Relevant opportunities for Idea 2"",""Idea 2""]]","[[""Player 3 Opportunities""]]","[[""Idea 1""]]","[[""Idea 1"",""Discarded opportunities  for Idea 1""]]","[[""Player 3 Opportunities""]]","[[""Player 3 Opportunities""]]","[[""Player 3 Opportunities""]]","[[""Player 3 Opportunities""],[""Player 3 Opportunities""]]","[[""Player 3 Opportunities""]]","[[""Player 3 Opportunities""]]","[[""Idea 1"",""Relevant opportunities for Idea 1""]]","[[""Player 3 Opportunities""],[""Relevant opportunities for Idea 2"",""Idea 2""]]","[[""Idea 2""]]","[[""Player 3 Opportunities""]]","[[""Idea 1"",""Relevant opportunities for Idea 1""]]","[[""Player 3 Opportunities""]]"
o_overlapping_geometry,"[[""Player 3 Opportunities""]]","[[""Player 3 Opportunities""]]","[[""Player 3 Opportunities""]]","[[""Player 3 Opportunities""]]","[[""Player 3 Opportunities""]]","[[""Discarded opportunities  for Idea 2"",""Idea 2""]]","[[""Player 3 Opportunities""]]","[[""Player 3 Opportunities""]]","[[""G Opportunities""]]","[[""Player 3 Opportunities""]]","[[""Player 3 Opportunities""]]","[[""Player 3 Opportunities""]]","[[""Player 3 Opportunities""]]","[[""S Opportunities""]]","[[""Player 3 Opportunities""]]","[[""Idea 2"",""Relevant opportunities for Idea 2""]]","[[""Player 3 Opportunities""]]","[[""Player 3 Opportunities""]]","[[""Player 3 Opportunities""],[""Player 3 Opportunities""]]","[[""Discarded questions for Idea 1"",""Idea 1""]]","[[""Player 3 Opportunities""]]","[[""Player 3 Opportunities""]]","[[""Player 3 Opportunities""]]","[[""Player 3 Opportunities""]]","[[""Player 3 Opportunities""]]","[[""Player 3 Opportunities""]]","[[""Player 3 Opportunities""]]","[[""Player 3 Opportunities""]]","[[""Player 3 Opportunities""]]","[[""Idea 1""]]","[[""Player 3 Opportunities""]]","[[""Player 3 Opportunities""]]","[[""Player 3 Opportunities""]]","[[""Player 3 Opportunities""]]","[[""Player 3 Opportunities""]]","[[""Player 3 Opportunities""]]","[[""Player 3 Opportunities""]]","[[""Player 3 Opportunities""]]","[[""Player 3 Opportunities""]]","[[""Player 3 Opportunities""]]","[[""Player 3 Opportunities""]]","[[""Idea 1"",""Discarded opportunities  for Idea 1""]]","[[""Player 3 Opportunities""]]","[[""Player 3 Opportunities""],[""Player 3 Opportunities""]]","[[""Player 3 Opportunities""]]","[[""Player 3 Opportunities""]]","[[""Player 3 Opportunities""]]","[[""Player 3 Opportunities""]]","[[""Player 3 Opportunities""]]","[[""Player 3 Opportunities""]]","[[""Player 3 Opportunities""]]","[[""Player 3 Opportunities""]]"
o_projection_mapping,"[[""Player 3 Opportunities""]]","[[""Idea 1"",""Relevant opportunities for Idea 1""]]","[[""Player 3 Opportunities""]]","[[""Player 3 Opportunities""]]","[[""Player 3 Opportunities""]]","[[""Player 3 Opportunities""]]","[[""Player 3 Opportunities""]]","[[""Idea 1"",""Relevant opportunities for Idea 1""]]","[[""G Opportunities""]]","[[""Idea 2"",""Relevant opportunities for Idea 2""]]",[[]],"[[""Idea 1""]]","[[""Player 3 Opportunities""]]","[[""Idea 1"",""Relevant opportunities for Idea 1""]]","[[""Player 3 Opportunities""]]","[[""Player 3 Opportunities""]]","[[""Player 3 Opportunities""]]","[[""Player 3 Opportunities""],[""Relevant opportunities for Idea 2"",""Idea 2""]]","[[""Player 3 Opportunities""],[""Player 3 Opportunities""]]","[[""Player 3 Opportunities""]]","[[""Player 3 Opportunities""]]","[[""Player 3 Opportunities""]]","[[""Player 3 Opportunities""]]","[[""Idea 1""]]","[[""Player 3 Opportunities""]]","[[""Player 3 Opportunities""]]","[[""Player 3 Opportunities""]]","[[""Player 3 Opportunities""]]","[[""Relevant opportunities for Idea 2"",""Idea 2""]]","[[""Player 3 Opportunities""]]","[[""Player 3 Opportunities""]]","[[""Player 3 Opportunities""]]","[[""Idea 1"",""Discarded opportunities  for Idea 1""]]","[[""Idea 2"",""Relevant opportunities for Idea 2""]]","[[""Relevant opportunities for Idea 2"",""Idea 2""]]","[[""Idea 2"",""Relevant opportunities for Idea 2""]]","[[""Player 3 Opportunities""]]","[[""Player 3 Opportunities""]]","[[""Player 3 Opportunities""]]","[[""Player 3 Opportunities""]]","[[""Player 3 Opportunities""]]","[[""Player 3 Opportunities""]]","[[""Idea 2"",""Relevant opportunities for Idea 2""]]","[[""Player 3 Opportunities""],[""Player 3 Opportunities""]]","[[""Idea 1"",""Relevant opportunities for Idea 1""]]",,"[[""Player 3 Opportunities""]]","[[""Player 3 Opportunities""]]","[[""Player 3 Opportunities""]]","[[""Player 3 Opportunities""]]","[[""Player 3 Opportunities""]]","[[""Player 3 Opportunities""]]"
o_seated,"[[""Player 3 Opportunities""]]","[[""Player 3 Opportunities""]]","[[""Player 3 Opportunities""]]","[[""Player 3 Opportunities""]]","[[""Idea 1"",""Discarded opportunities  for Idea 1""]]","[[""Relevant opportunities for Idea 2"",""Idea 2""]]","[[""Player 3 Opportunities""]]","[[""Player 3 Opportunities""]]","[[""Discarded opportunities  for Idea 2"",""Idea 2""]]","[[""Player 3 Opportunities""]]","[[""Player 3 Opportunities""]]","[[""Player 3 Opportunities""]]","[[""Player 3 Opportunities""]]","[[""S Opportunities""]]","[[""Player 3 Opportunities""]]","[[""Player 3 Opportunities""]]","[[""Relevant opportunities for Idea 2"",""Idea 2""]]","[[""Idea 1"",""Relevant opportunities for Idea 1""]]","[[""Player 3 Opportunities""],[""Player 3 Opportunities""]]","[[""Player 3 Opportunities""]]","[[""Player 3 Opportunities""]]","[[""Player 3 Opportunities""]]","[[""Player 3 Opportunities""]]","[[""Player 3 Opportunities""]]","[[""Idea 2"",""Relevant opportunities for Idea 2""]]","[[""Player 3 Opportunities""]]","[[""Player 3 Opportunities""]]","[[""Player 3 Opportunities""]]","[[""Player 3 Opportunities""]]","[[""Player 3 Opportunities""]]","[[""Player 3 Opportunities""]]","[[""Idea 1"",""Discarded opportunities  for Idea 1""]]","[[""Player 3 Opportunities""]]","[[""Player 3 Opportunities""]]","[[""Player 3 Opportunities""]]","[[""Player 3 Opportunities""]]","[[""Player 3 Opportunities""]]","[[""Player 3 Opportunities""]]","[[""Player 3 Opportunities""]]","[[""Idea 2"",""Relevant opportunities for Idea 2""]]","[[""Player 3 Opportunities""]]","[[""Player 3 Opportunities""]]","[[""Idea 2"",""Discarded opportunities  for Idea 2""]]","[[""Player 3 Opportunities""],[""Player 3 Opportunities""]]","[[""Player 3 Opportunities""]]","[[""Idea 1""]]","[[""Player 3 Opportunities""]]","[[""Player 3 Opportunities""]]","[[""Player 3 Opportunities""]]","[[""Player 3 Opportunities""],[""Idea 2""]]","[[""Player 3 Opportunities""]]","[[""Player 3 Opportunities""]]"
o_scanned_objects,"[[""Player 3 Opportunities""]]","[[""Player 3 Opportunities""]]","[[""Player 3 Opportunities""],[""Idea 2""],[""Idea 1""]]","[[""Player 3 Opportunities""]]","[[""Player 3 Opportunities""]]","[[""Player 3 Opportunities""]]","[[""Player 3 Opportunities""]]","[[""Idea 2"",""Relevant opportunities for Idea 2""]]","[[""G Opportunities""]]","[[""Player 3 Opportunities""]]",[[]],"[[""Idea 2 ""]]","[[""Player 3 Opportunities""]]","[[""Idea 2"",""Relevant opportunities for Idea 2""]]","[[""Player 3 Opportunities""]]","[[""Player 3 Opportunities""]]","[[""Idea 1"",""Relevant opportunities for Idea 1""]]","[[""Player 3 Opportunities""]]","[[""Player 3 Opportunities""],[""Player 3 Opportunities""]]","[[""Player 3 Opportunities""]]","[[""Player 3 Opportunities""]]","[[""Player 3 Opportunities""]]","[[""Player 3 Opportunities""]]","[[""Player 3 Opportunities""]]","[[""Idea 1"",""Relevant opportunities for Idea 1""]]","[[""Player 3 Opportunities""]]","[[""Player 3 Opportunities""]]","[[""Player 3 Opportunities""]]","[[""Player 3 Opportunities""]]","[[""Player 3 Opportunities""]]","[[""Player 3 Opportunities""]]","[[""Player 3 Opportunities""]]","[[""Player 3 Opportunities""]]","[[""Player 3 Opportunities""]]","[[""Player 3 Opportunities""]]","[[""Idea 1"",""Discarded opportunities  for Idea 1""]]","[[""Player 3 Opportunities""]]","[[""Player 3 Opportunities""]]","[[""Player 3 Opportunities""]]","[[""Player 3 Opportunities""]]","[[""Idea 1"",""Relevant opportunities for Idea 1""]]","[[""Idea 1"",""Relevant opportunities for Idea 1""]]","[[""Idea 2"",""Relevant opportunities for Idea 2""]]","[[""Player 3 Opportunities""],[""Idea 1"",""Relevant opportunities for Idea 1""],[""Player 3 Opportunities""]]","[[""Player 3 Opportunities""]]","[[""Player 3 Opportunities""]]","[[""Player 3 Opportunities""]]","[[""Player 3 Opportunities""]]","[[""Player 3 Opportunities""]]","[[""Player 3 Opportunities""],[""Idea 1""]]","[[""Relevant opportunities for Idea 2"",""Idea 2""]]","[[""Player 3 Opportunities""]]"
o_NPC_avatars,"[[""Player 3 Opportunities""]]","[[""Player 3 Opportunities""]]","[[""Player 3 Opportunities""],[""Idea 2""]]","[[""Idea 1"",""Relevant opportunities for Idea 1""]]","[[""Player 3 Opportunities""]]","[[""Relevant opportunities for Idea 2"",""Idea 2""]]","[[""111Idea 1"",""Relevant opportunities for Idea 1""]]","[[""Idea 1"",""Relevant opportunities for Idea 1""]]","[[""Idea 1"",""Relevant opportunities for Idea 1""]]","[[""Player 3 Opportunities""]]","[[""Relevant opportunities for Idea 1""]]","[[""Player 3 Opportunities""]]","[[""Player 3 Opportunities""]]","[[""S Opportunities""]]","[[""Player 3 Opportunities""],[""Idea 1""]]","[[""Idea 1"",""Relevant opportunities for Idea 1""]]","[[""Idea 1"",""Discarded opportunities  for Idea 1""]]","[[""Player 3 Opportunities""],[""Idea 1"",""Relevant opportunities for Idea 1""]]","[[""Relevant opportunities for Idea 1"",""Idea 1""],[""Relevant opportunities for Idea 1"",""Idea 1""]]","[[""Idea 1"",""Relevant opportunities for Idea 1""]]","[[""Idea 1""]]","[[""Idea 2"",""Relevant opportunities for Idea 2""],[""Idea 1"",""Relevant opportunities for Idea 1""]]","[[""Idea 2"",""Relevant opportunities for Idea 2""]]","[[""Idea 2"",""Relevant opportunities for Idea 2""]]","[[""Player 3 Opportunities""]]","[[""Idea 1"",""Relevant opportunities for Idea 1""]]","[[""Relevant opportunities for Idea 1"",""-""]]","[[""Player 3 Opportunities""]]","[[""Idea 1"",""Relevant opportunities for Idea 1""]]","[[""Idea 1""]]","[[""Player 3 Opportunities""]]","[[""Idea 1"",""Relevant opportunities for Idea 1""]]","[[""Idea 1""]]","[[""Idea 2"",""Relevant opportunities for Idea 2""]]","[[""Id""]]","[[""Idea 1"",""Relevant opportunities for Idea 1""]]","[[""Relevant opportunities for Idea 1"",""Idea 1""]]","[[""Player 3 Opportunities""]]","[[""Player 3 Opportunities""],[""Idea 1""]]","[[""Player 3 Opportunities""]]","[[""Player 3 Opportunities""]]","[[""Relevant opportunities for Idea 2"",""Idea 2""]]","[[""Idea 1"",""Relevant opportunities for Idea 1""]]","[[""Player 3 Opportunities""],[""Idea 1"",""Relevant opportunities for Idea 1""],[""Player 3 Opportunities""],[""Relevant opportunities for Idea 1"",""Idea 1""]]","[[""Idea 1"",""Relevant opportunities for Idea 1""]]","[[""Player 3 Opportunities""]]","[[""Relevant opportunities for Idea 2"",""Idea 2""]]","[[""Idea 1"",""Relevant opportunities for Idea 1""],[""Player 3 Opportunities""]]","[[""Idea 1"",""Relevant opportunities for Idea 1""]]","[[""Player 3 Opportunities""],[""Idea 1""]]","[[""Player 3 Opportunities""]]","[[""Player 3 Opportunities""]]"
o_visual_kineasethic_experience,"[[""Player 3 Opportunities""]]","[[""Player 3 Opportunities""]]","[[""Player 3 Opportunities""]]","[[""Player 3 Opportunities""]]","[[""Player 3 Opportunities""]]","[[""Player 3 Opportunities""]]","[[""Player 3 Opportunities""]]","[[""Player 3 Opportunities""]]","[[""G Opportunities""]]","[[""Player 3 Opportunities""]]",[[]],"[[""Player 3 Opportunities""]]","[[""Relevant opportunities for Idea 1Player 3 Opportunities"",""Idea 1""]]","[[""S Opportunities""]]","[[""Player 3 Opportunities""]]","[[""Idea 1"",""Discarded opportunities  for Idea 1""]]","[[""Player 3 Opportunities""]]","[[""Player 3 Opportunities""]]","[[""Player 3 Opportunities""],[""Player 3 Opportunities""]]","[[""Relevant opportunities for Idea 2"",""Idea 2""]]","[[""Discarded opportunities  for Idea 2"",""Idea 2""]]","[[""Player 3 Opportunities""]]","[[""Player 3 Opportunities""]]","[[""Player 3 Opportunities""]]","[[""Player 3 Opportunities""]]","[[""Player 3 Opportunities""]]","[[""Player 3 Opportunities""]]","[[""Player 3 Opportunities""]]","[[""Idea 1"",""Relevant opportunities for Idea 1""]]","[[""Idea 2"",""Relevant opportunities for Idea 2""]]","[[""Player 3 Opportunities""]]","[[""Player 3 Opportunities""]]","[[""Player 3 Opportunities""]]","[[""Player 3 Opportunities""]]","[[""Player 3 Opportunities""]]","[[""Player 3 Opportunities""]]","[[""Relevant opportunities for Idea 1"",""Idea 1""]]","[[""Player 3 Opportunities""]]","[[""Player 3 Opportunities""]]","[[""Player 3 Opportunities""]]","[[""Player 3 Opportunities""]]","[[""Player 3 Opportunities""]]","[[""Player 3 Opportunities""]]","[[""Player 3 Opportunities""],[""Player 3 Opportunities""]]","[[""Player 3 Opportunities""]]","[[""Player 3 Opportunities""]]","[[""Player 3 Opportunities""]]","[[""Player 3 Opportunities""]]","[[""Player 3 Opportunities""]]","[[""Player 3 Opportunities""]]","[[""Player 3 Opportunities""]]","[[""Player 3 Opportunities""]]"
o_proprioception_and_kinaesthetics,"[[""Idea 1"",""Relevant opportunities for Idea 1""]]","[[""Player 4 Opportunities""]]","[[""Player 4 Opportunities""]]","[[""Player 4 Opportunities""]]","[[""Player 4 Opportunities""]]","[[""Player 4 Opportunities""]]","[[""Player 4 Opportunities""]]","[[""Player 4 Opportunities""]]","[[""Relevant opportunities for Idea 2"",""Idea 2""]]","[[""Player 4 Opportunities""]]","[[""Player 1 Opportunities""]]","[[""Idea 1""]]","[[""Player 4 Opportunities""]]","[[""Xav  Opportunities""]]","[[""Player 4 Opportunities""]]","[[""Player 4 Opportunities""]]","[[""Player 4 Opportunities""]]","[[""Discarded questions for Idea 1"",""Idea 1""]]","[[""Player 4 Opportunities""],[""Player 4 Opportunities""]]","[[""Player 4 Opportunities""]]","[[""Player 4 Opportunities""]]","[[""Idea 2"",""Relevant opportunities for Idea 2""]]","[[""Player 4 Opportunities""]]","[[""Player 4 Opportunities""]]","[[""Player 4 Opportunities""],[""Idea 1"",""Relevant opportunities for Idea 1""]]","[[""Player 1 Opportunities""]]","[[""Player 1 Opportunities""]]","[[""Player 4 Opportunities""]]","[[""Player 4 Opportunities""]]","[[""Player 4 Opportunities""]]","[[""Player 4 Opportunities""]]","[[""Player 4 Opportunities""]]","[[""Player 4 Opportunities""]]","[[""Player 4 Opportunities""]]","[[""Player 4 Opportunities""]]","[[""Player 4 Opportunities""]]","[[""Player 4 Opportunities""]]","[[""Player 4 Opportunities""]]","[[""Player 4 Opportunities""]]","[[""Player 4 Opportunities""]]","[[""Idea 1"",""Relevant opportunities for Idea 1""]]","[[""Player 4 Opportunities""]]","[[""Player 4 Opportunities""]]","[[""Player 4 Opportunities""],[""Player 4 Opportunities""]]","[[""Player 4 Opportunities""]]","[[""Player 4 Opportunities""]]","[[""Player 4 Opportunities""]]","[[""Player 4 Opportunities""]]","[[""Player 4 Opportunities""]]","[[""Player 4 Opportunities""]]","[[""Player 4 Opportunities""]]","[[""Player 4 Opportunities""]]"
o_teleporting,"[[""Idea 1"",""Relevant opportunities for Idea 1""]]","[[""Player 1 Opportunities""]]","[[""Player 1 Opportunities""]]","[[""Player 1 Opportunities""]]","[[""Player 1 Opportunities""]]",[[]],"[[""111Idea 1"",""Relevant opportunities for Idea 1""]]","[[""Player 1 Opportunities""]]","[[""N Opportunities""]]","[[""Idea 1"",""Relevant opportunities for Idea 1""]]","[[""Player 1 Opportunities""],[""Relevant opportunities for Idea 1""]]","[[""Player 1 Opportunities""]]","[[""Player 1 Opportunities""]]","[[""- Opportunities""]]","[[""Player 1 Opportunities""]]","[[""Idea 1"",""Relevant opportunities for Idea 1""]]","[[""Player 1 Opportunities""]]","[[""Discarded questions for Idea 1"",""Idea 1""]]","[[""Discarded opportunities  for Idea 2"",""Idea 2""],[""Discarded opportunities  for Idea 2"",""Idea 2""]]","[[""Player 1 Opportunities""]]","[[""Relevant opportunities for Idea 2"",""Idea 2""]]","[[""Idea 2"",""Relevant opportunities for Idea 2""]]","[[""Idea 1"",""Relevant opportunities for Idea 1""]]","[[""Player 1 Opportunities""]]","[[""Idea 1"",""Relevant opportunities for Idea 1""]]","[[""Player 1 Opportunities""]]","[[""Relevant opportunities for Idea 1"",""-""]]","[[""Player 1 Opportunities""]]","[[""Player 1 Opportunities""]]","[[""Player 1 Opportunities""]]","[[""Player 1 Opportunities""],[""Idea 1"",""Relevant opportunities for Idea 1""]]","[[""Player 1 Opportunities""]]","[[""Idea 1""]]","[[""Player 1 Opportunities""]]","[[""Player 1 Opportunities""]]","[[""Player 1 Opportunities""]]","[[""Relevant opportunities for Idea 1"",""Idea 1""]]","[[""Player 1 Opportunities""]]","[[""Player 1 Opportunities""],[""Idea 1""]]","[[""Player 1 Opportunities""]]","[[""Player 1 Opportunities""]]","[[""Relevant challenges for Idea 1"",""Idea 1""]]","[[""Player 1 Opportunities""]]","[[""Player 1 Opportunities""],[""Player 1 Opportunities""],[""Relevant opportunities for Idea 1"",""Idea 1""]]","[[""Idea 1"",""Relevant opportunities for Idea 1""]]","[[""Idea 2""]]","[[""Relevant opportunities for Idea 2"",""Idea 2""]]","[[""Player 1 Opportunities""]]","[[""Player 1 Opportunities""]]","[[""Player 1 Opportunities""]]","[[""Player 1 Opportunities""]]","[[""Idea 1"",""Relevant opportunities for Idea 1""]]"
o_virtual_reality,"[[""Idea 1"",""Relevant opportunities for Idea 1""]]","[[""Player 2 Opportunities""]]","[[""Player 2 Opportunities""]]","[[""Player 2 Opportunities""]]","[[""Idea 1"",""Relevant opportunities for Idea 1""]]",[[]],"[[""Player 2 Opportunities""]]","[[""Player 2 Opportunities""]]","[[""Relevant opportunities for Idea 2"",""Idea 2""]]","[[""Player 2 Opportunities""]]","[[""Player 2 Opportunities""]]","[[""Idea 2 ""]]","[[""Relevant opportunities for Idea 1Player 3 Opportunities"",""Idea 1""]]","[[""S Opportunities""]]","[[""Player 2 Opportunities""],[""Idea 1""]]","[[""Idea 1"",""Relevant opportunities for Idea 1""]]","[[""Idea 1"",""Relevant opportunities for Idea 1""]]","[[""Player 2 Opportunities""]]","[[""Player 2 Opportunities""],[""Player 2 Opportunities""]]","[[""Idea 2""]]","[[""Relevant opportunities for Idea 2"",""Idea 2""]]","[[""Idea 1"",""Relevant opportunities for Idea 1""]]","[[""Player 2 Opportunities""]]","[[""Player 2 Opportunities""]]","[[""Player 2 Opportunities""]]","[[""Player 2 Opportunities""]]","[[""Relevant opportunities for Idea 1"",""-""]]","[[""Player 2 Opportunities""]]","[[""Idea 1"",""Relevant opportunities for Idea 1""]]","[[""Player 2 Opportunities""]]","[[""Relevant opportunities for Idea 2"",""Idea 2""],[""Player 2 Opportunities""]]","[[""Idea 1"",""Relevant opportunities for Idea 1""]]","[[""Player 2 Opportunities""]]","[[""Idea 1"",""Relevant opportunities for Idea 1""]]","[[""Player 2 Opportunities""]]","[[""Idea 1"",""Relevant opportunities for Idea 1""]]","[[""Player 2 Opportunities""]]","[[""Player 2 Opportunities""]]","[[""Player 2 Opportunities""]]","[[""Idea 1"",""Relevant opportunities for Idea 1""]]","[[""Player 2 Opportunities""]]","[[""Relevant opportunities for Idea 2"",""Idea 2""]]","[[""Player 2 Opportunities""]]","[[""Player 2 Opportunities""],[""Player 2 Opportunities""],[""Relevant opportunities for Idea 1"",""Idea 1""]]","[[""Player 2 Opportunities""]]","[[""Player 2 Opportunities""]]","[[""Player 2 Opportunities""]]","[[""Player 2 Opportunities""]]","[[""Player 2 Opportunities""],[""Idea 1"",""Relevant opportunities for Idea 1""]]","[[""Player 2 Opportunities""]]","[[""Relevant opportunities for Idea 2"",""Idea 2""]]","[[""Player 2 Opportunities""]]"
o_augmented_virtuality,"[[""Idea 1"",""Relevant opportunities for Idea 1""]]","[[""Player 3 Opportunities""]]","[[""Player 3 Opportunities""]]","[[""Player 3 Opportunities""]]","[[""Relevant opportunities for Idea 2"",""Idea 2""]]","[[""Relevant opportunities for Idea 2"",""Idea 2""]]","[[""Player 3 Opportunities""]]","[[""Player 3 Opportunities""]]","[[""G Opportunities""]]","[[""Player 3 Opportunities""]]",[[]],"[[""Discarded opportunities  for Idea 2""]]","[[""Player 3 Opportunities""]]","[[""Idea 1"",""Discarded opportunities  for Idea 1""]]","[[""Idea 1""]]","[[""Player 3 Opportunities""]]","[[""Player 3 Opportunities""]]","[[""Discarded questions for Idea 1"",""Idea 1""]]","[[""Player 3 Opportunities""],[""Player 3 Opportunities""]]","[[""Player 3 Opportunities""]]","[[""Player 3 Opportunities""]]","[[""Player 3 Opportunities""]]","[[""Idea 2"",""Relevant opportunities for Idea 2""]]","[[""Idea 1""],[""Player 3 Opportunities""]]","[[""Player 3 Opportunities""]]","[[""Player 3 Opportunities""]]","[[""Player 3 Opportunities""]]","[[""Player 3 Opportunities""]]","[[""Player 3 Opportunities""]]","[[""Player 3 Opportunities""]]","[[""Player 3 Opportunities""]]","[[""Player 3 Opportunities""]]","[[""Idea 1"",""Discarded opportunities  for Idea 1""]]","[[""Player 3 Opportunities""]]","[[""Player 3 Opportunities""]]","[[""Player 3 Opportunities""]]","[[""Player 3 Opportunities""]]","[[""Player 3 Opportunities""]]","[[""Player 3 Opportunities""],[""Relevant opportunities for Idea 2"",""Idea 2""]]","[[""Player 3 Opportunities""]]","[[""Player 3 Opportunities""]]","[[""Player 3 Opportunities""]]","[[""Player 3 Opportunities""]]","[[""Player 3 Opportunities""],[""Idea 1""]]","[[""Relevant opportunities for Idea 2"",""Idea 2""]]","[[""Idea 2""]]","[[""Player 3 Opportunities""]]","[[""Player 3 Opportunities""]]","[[""Player 3 Opportunities""]]","[[""Player 3 Opportunities""]]","[[""Player 3 Opportunities""]]","[[""Idea 1"",""Relevant opportunities for Idea 1""]]"
